id,area_code,outage_duration
13366,area_415,1
6783,area_474,0
9519,area_931,1
10202,area_700,1
4555,area_600,2
5281,area_645,0
1872,area_576,0
8729,area_734,1
9312,area_326,0
14880,area_923,0
4558,area_122,0
16109,area_358,0
13381,area_471,0
1116,area_470,0
4246,area_282,0
6047,area_445,1
1373,area_962,2
4228,area_793,0
7301,area_846,1
1436,area_468,0
4849,area_476,0
397,area_737,1
1854,area_467,0
11936,area_445,0
4209,area_1086,2
5032,area_1015,1
988,area_945,0
7415,area_619,0
18290,area_373,0
15982,area_485,0
17822,area_625,1
12257,area_172,1
8984,area_976,2
6084,area_320,1
14361,area_704,2
12378,area_794,0
14181,area_645,0
12573,area_805,0
15461,area_769,0
12153,area_976,1
17450,area_880,0
7278,area_519,0
9107,area_393,0
13965,area_794,0
4340,area_460,0
177,area_124,0
8079,area_1042,1
6249,area_466,0
13427,area_440,0
1381,area_695,1
6162,area_821,2
5720,area_906,0
1777,area_506,0
4105,area_808,0
12760,area_249,0
745,area_272,1
12608,area_429,1
10238,area_467,0
487,area_1010,0
11179,area_1107,0
3462,area_653,1
18360,area_846,0
9593,area_497,0
17821,area_648,1
1805,area_118,0
5923,area_831,1
17515,area_1024,2
17547,area_870,0
3607,area_883,1
2648,area_834,1
14890,area_760,0
5657,area_734,2
9125,area_793,0
17664,area_944,1
12308,area_1018,0
5738,area_471,0
17783,area_527,0
5000,area_7,0
12926,area_648,2
6595,area_803,1
16207,area_249,1
17795,area_187,1
11219,area_380,0
4271,area_821,1
7201,area_1090,2
541,area_488,0
17245,area_803,1
5229,area_496,0
13615,area_1084,1
5504,area_995,2
15694,area_506,0
13894,area_627,1
2199,area_161,0
15418,area_895,1
7210,area_699,0
199,area_126,0
18395,area_846,0
14106,area_852,0
8950,area_1033,1
2707,area_793,0
9500,area_465,0
7464,area_268,1
3409,area_1056,1
12711,area_451,0
5650,area_808,0
9711,area_570,1
10816,area_1007,0
4388,area_797,1
7711,area_974,0
17313,area_344,0
10280,area_388,1
7845,area_923,0
16082,area_73,0
17208,area_837,1
4446,area_455,0
16614,area_778,0
9974,area_773,0
16360,area_476,0
8926,area_600,0
6991,area_794,0
16507,area_81,1
5888,area_450,0
1855,area_662,1
7283,area_222,0
12233,area_1024,0
13062,area_704,1
16832,area_821,2
15267,area_461,0
11318,area_457,0
7400,area_886,0
5386,area_459,0
11231,area_1006,0
14355,area_836,0
16734,area_298,0
10559,area_13,1
4692,area_375,0
13728,area_821,0
12675,area_1107,1
8647,area_696,0
2026,area_1054,1
5261,area_485,0
6732,area_1089,0
5401,area_1107,2
4689,area_980,0
13984,area_684,1
2718,area_476,0
2815,area_459,0
11493,area_135,1
17837,area_466,0
1548,area_1107,2
5703,area_846,2
13992,area_298,1
5237,area_973,0
10693,area_240,0
17348,area_692,1
12235,area_962,1
12269,area_627,1
7232,area_499,0
8902,area_375,0
4880,area_471,0
9867,area_851,0
9551,area_825,1
274,area_244,0
15236,area_477,0
4970,area_794,0
3902,area_9,0
18370,area_967,0
12908,area_444,0
8481,area_1103,1
6261,area_477,0
15419,area_278,0
17042,area_478,0
17585,area_734,2
3968,area_665,0
5064,area_1090,0
379,area_742,0
10937,area_599,1
3164,area_1031,0
3225,area_1033,1
9017,area_459,0
18379,area_691,0
4587,area_879,0
7027,area_963,0
17772,area_257,1
9664,area_1,1
6330,area_460,1
6797,area_313,0
14289,area_763,1
16414,area_179,1
12418,area_864,1
345,area_895,1
2134,area_915,1
5500,area_477,0
134,area_892,2
18110,area_644,2
14354,area_446,1
9976,area_826,1
8577,area_1042,0
17733,area_239,1
9717,area_810,2
17291,area_481,0
3161,area_809,0
15503,area_1060,0
15239,area_7,0
9682,area_815,1
3097,area_821,2
5806,area_1063,0
9473,area_494,0
4512,area_878,0
11190,area_459,0
18507,area_429,0
8523,area_742,0
11232,area_421,0
16037,area_704,1
10653,area_802,1
3320,area_313,0
6839,area_763,1
5249,area_704,2
10833,area_184,1
13823,area_1022,0
10944,area_704,2
14133,area_173,0
570,area_1089,0
6988,area_408,1
14401,area_468,0
9301,area_600,2
15273,area_704,0
6224,area_1061,0
14608,area_451,0
16729,area_851,1
2987,area_126,0
14278,area_644,0
12599,area_638,0
7484,area_202,0
10479,area_1116,0
843,area_895,2
6893,area_206,0
17334,area_124,0
12228,area_808,0
11376,area_477,0
5767,area_494,0
7747,area_393,1
17636,area_834,2
8680,area_1042,0
14044,area_962,1
5346,area_229,0
6128,area_891,0
16779,area_744,1
465,area_684,2
13472,area_661,0
11739,area_95,0
14402,area_830,0
292,area_242,0
14219,area_489,0
502,area_290,0
6410,area_919,0
7989,area_584,0
11585,area_44,0
11761,area_476,0
10723,area_286,1
4929,area_691,1
1996,area_808,0
10510,area_518,0
16939,area_560,1
2631,area_470,0
13836,area_107,1
14467,area_1031,0
14583,area_1086,1
3989,area_380,0
11707,area_641,1
11407,area_471,0
15082,area_488,0
13362,area_878,0
12479,area_1107,1
16121,area_805,0
11421,area_885,1
13186,area_7,0
3753,area_471,0
8087,area_684,2
636,area_102,1
8672,area_494,0
6206,area_118,0
10099,area_760,1
10044,area_829,0
3742,area_960,1
4180,area_324,0
17015,area_292,0
3512,area_145,0
8132,area_1035,1
3501,area_821,1
2302,area_644,0
14529,area_242,0
11748,area_496,0
15194,area_283,0
18525,area_810,2
17203,area_282,0
6391,area_128,0
18182,area_506,0
5587,area_1119,0
4501,area_888,0
5887,area_672,0
15988,area_1107,0
12109,area_662,0
8938,area_814,0
8929,area_834,0
831,area_126,0
17970,area_195,0
1379,area_1095,0
5608,area_470,0
13025,area_250,0
411,area_734,1
18419,area_600,2
7490,area_834,2
5976,area_962,0
7023,area_599,2
5358,area_1111,1
5493,area_1117,0
5925,area_484,0
2627,area_118,0
17857,area_504,0
14567,area_92,0
1184,area_851,0
5202,area_648,0
18033,area_288,0
6741,area_1066,1
2055,area_1056,0
13265,area_465,0
11261,area_541,1
4301,area_467,0
6467,area_1035,1
12936,area_894,1
3960,area_91,0
10590,area_475,0
16054,area_864,2
17524,area_210,0
7824,area_376,0
8623,area_944,0
12812,area_925,0
13204,area_895,2
11882,area_240,0
7902,area_891,0
2117,area_963,0
17096,area_1107,2
14375,area_284,0
6522,area_893,1
6406,area_808,0
17824,area_495,0
4056,area_961,1
3332,area_468,0
10941,area_836,0
7006,area_653,0
10020,area_604,0
8178,area_995,1
16912,area_932,0
12919,area_921,2
18416,area_1109,2
7804,area_1078,0
5547,area_793,0
10350,area_507,0
3800,area_600,0
9349,area_276,0
5101,area_822,1
9214,area_128,1
15677,area_229,0
5273,area_640,1
15720,area_1097,1
10293,area_1018,0
9912,area_124,0
18049,area_1093,1
6221,area_909,2
2410,area_50,0
5707,area_921,2
10829,area_1045,0
8017,area_609,0
17473,area_477,0
12649,area_434,1
6575,area_931,0
1094,area_448,0
15361,area_485,0
4483,area_270,0
16598,area_122,0
13178,area_7,0
11244,area_570,1
4383,area_315,0
12676,area_519,0
15924,area_613,0
10427,area_229,1
4731,area_834,0
15479,area_893,0
9915,area_476,0
12132,area_157,0
11657,area_184,0
6810,area_255,0
3173,area_734,2
3793,area_955,0
18232,area_380,0
2183,area_7,1
4569,area_818,1
12903,area_472,0
3208,area_797,1
4839,area_342,1
7635,area_925,0
13353,area_1026,0
3736,area_712,0
16173,area_167,0
3832,area_519,0
8062,area_102,0
11653,area_1018,0
8049,area_465,0
262,area_994,0
18093,area_1083,1
4061,area_1052,1
14713,area_155,0
14256,area_39,0
2998,area_1086,1
5159,area_268,0
17440,area_102,0
9909,area_389,0
4196,area_999,1
734,area_313,0
6827,area_800,0
4238,area_931,0
13434,area_465,0
5419,area_116,0
7970,area_1079,0
11054,area_805,0
15029,area_1055,0
13826,area_95,0
16228,area_363,0
16934,area_643,0
54,area_488,0
8162,area_856,1
2565,area_897,1
3091,area_498,0
12909,area_84,1
1385,area_122,0
4624,area_601,1
17342,area_1042,0
15613,area_653,0
14340,area_355,0
10341,area_90,0
12978,area_1010,0
1050,area_881,0
10852,area_373,0
9953,area_465,0
2021,area_1072,0
841,area_949,1
11886,area_754,0
11250,area_323,0
12198,area_1052,0
12324,area_1109,1
15176,area_1100,2
5693,area_1019,2
3653,area_244,0
9192,area_441,0
16050,area_472,0
16241,area_460,1
10860,area_475,0
13681,area_226,1
1646,area_1111,0
5303,area_1061,1
6527,area_752,1
6240,area_1052,2
1070,area_805,0
8803,area_506,0
693,area_1052,1
15451,area_613,0
4314,area_549,0
10839,area_696,0
5539,area_496,0
14922,area_230,0
12001,area_527,0
2323,area_485,0
8945,area_1067,1
16180,area_248,0
6546,area_467,0
1015,area_1088,0
12030,area_707,0
9944,area_1026,1
11813,area_518,0
9144,area_262,1
16527,area_122,0
11430,area_135,0
10545,area_613,1
10767,area_97,0
17495,area_995,2
3781,area_223,1
13620,area_942,1
11953,area_613,2
3806,area_128,0
10442,area_459,0
16889,area_723,1
12922,area_496,0
914,area_714,1
17838,area_481,0
18127,area_943,1
4557,area_1024,0
11698,area_744,0
8422,area_1120,1
10131,area_471,0
561,area_641,0
698,area_821,0
16494,area_707,0
11252,area_600,0
7632,area_808,0
13235,area_696,0
6831,area_699,0
8469,area_122,0
3092,area_381,0
10620,area_244,0
971,area_485,0
1712,area_443,1
12759,area_380,0
14319,area_410,0
4762,area_536,1
1946,area_1033,1
601,area_543,0
13027,area_298,0
5483,area_470,0
5950,area_984,1
1876,area_891,0
8606,area_243,0
9713,area_499,0
8892,area_97,1
14479,area_957,0
16537,area_467,0
6699,area_639,0
15555,area_1010,0
1806,area_793,0
15028,area_826,1
1488,area_504,0
68,area_684,2
7067,area_684,0
17337,area_471,0
626,area_505,0
9687,area_469,0
13259,area_244,0
9154,area_300,1
9616,area_257,0
13172,area_694,0
4161,area_1023,1
8351,area_707,0
15993,area_885,0
18299,area_932,0
978,area_802,1
4896,area_249,1
11648,area_744,1
15773,area_445,0
1517,area_426,0
8011,area_1,0
8489,area_583,0
4963,area_704,2
5156,area_977,0
3072,area_118,0
9977,area_480,0
12043,area_126,0
14016,area_744,1
16752,area_931,0
17300,area_322,0
4335,area_917,1
6532,area_465,0
2219,area_1038,1
8496,area_460,1
1832,area_755,0
17860,area_1112,0
6977,area_600,2
6688,area_1086,1
10779,area_300,0
12868,area_151,0
18044,area_600,0
9321,area_480,0
10252,area_793,0
10847,area_244,0
14241,area_57,1
13056,area_837,0
13045,area_691,0
11566,area_484,0
17876,area_898,1
9508,area_488,0
7648,area_495,0
272,area_497,0
4044,area_826,0
16989,area_931,2
8755,area_448,1
6889,area_242,0
1264,area_808,0
5823,area_460,1
13706,area_369,0
12969,area_976,1
11616,area_13,0
4435,area_558,1
4975,area_806,0
238,area_810,0
991,area_946,0
18222,area_613,2
16660,area_1099,0
1965,area_664,0
8012,area_618,0
16815,area_459,0
13296,area_999,1
18270,area_644,1
2141,area_957,1
15221,area_1120,1
321,area_921,1
11599,area_803,1
14284,area_147,0
7850,area_1121,1
1447,area_642,1
1014,area_118,0
7836,area_181,0
12179,area_700,1
17559,area_353,1
12799,area_533,0
7697,area_126,0
1424,area_414,0
16913,area_707,0
1087,area_1107,0
1342,area_691,0
1814,area_894,0
8800,area_1107,2
14032,area_102,0
12473,area_1019,2
14012,area_466,0
12389,area_1015,0
10032,area_311,1
13989,area_507,0
15158,area_1095,0
6567,area_763,0
8997,area_857,1
2891,area_157,0
13912,area_23,1
8416,area_505,0
179,area_506,0
15144,area_821,2
12349,area_600,2
1948,area_443,0
17803,area_613,1
11057,area_386,0
9418,area_264,1
8027,area_169,0
16695,area_478,0
14127,area_821,1
7773,area_496,0
10542,area_760,1
6479,area_475,0
3025,area_808,0
7306,area_149,0
11418,area_244,0
4740,area_1014,1
6384,area_1088,1
6382,area_442,0
16547,area_373,0
16131,area_893,0
7138,area_363,0
1314,area_810,0
12982,area_74,1
1457,area_127,0
10961,area_1096,0
1628,area_224,1
2506,area_846,1
6548,area_17,0
15659,area_477,0
18217,area_566,0
1793,area_1107,2
12444,area_314,0
3787,area_128,0
12478,area_102,1
12609,area_1086,0
7442,area_268,0
1351,area_103,0
8858,area_1058,1
7882,area_823,0
4287,area_638,1
8590,area_897,2
11487,area_92,0
10113,area_469,0
18548,area_278,0
10379,area_126,0
2848,area_465,0
13254,area_919,1
14734,area_734,2
15523,area_445,0
4670,area_1063,0
10946,area_507,0
13641,area_790,0
11078,area_894,0
2460,area_445,0
665,area_1008,1
8808,area_495,0
7640,area_998,0
11297,area_603,0
1583,area_821,1
16339,area_1015,0
12840,area_808,0
15100,area_802,1
6781,area_57,1
15031,area_939,0
2918,area_362,0
14439,area_1019,2
2415,area_290,0
15822,area_252,0
6219,area_674,2
13856,area_798,0
11431,area_34,0
3174,area_157,0
12393,area_691,1
10435,area_995,0
13935,area_945,0
6739,area_691,0
3226,area_479,0
813,area_737,0
5837,area_816,0
18474,area_821,0
11134,area_1083,0
16116,area_126,0
11797,area_794,0
17071,area_1014,0
2649,area_114,0
16412,area_242,0
16909,area_609,0
4764,area_509,0
2516,area_823,0
5997,area_760,0
3249,area_839,2
15878,area_601,0
12365,area_682,0
489,area_72,1
6633,area_73,1
129,area_726,0
7609,area_468,0
12644,area_744,0
3962,area_506,0
13983,area_505,0
1217,area_451,0
13970,area_845,2
2290,area_1052,2
10183,area_814,0
4274,area_962,2
3692,area_1019,2
9121,area_627,1
14948,area_1067,1
883,area_1030,0
15214,area_919,0
17424,area_402,1
16740,area_584,0
13032,area_879,0
2354,area_686,0
12219,area_809,0
1500,area_1101,0
1778,area_667,2
14979,area_896,0
2424,area_1072,0
18300,area_244,0
16426,area_1052,2
18550,area_12,0
2906,area_1,0
5296,area_484,0
11037,area_1008,2
16991,area_135,0
2816,area_469,0
11135,area_126,0
8218,area_931,1
15563,area_995,2
15700,area_509,0
14215,area_692,0
15223,area_451,0
7798,area_618,1
11923,area_350,1
14942,area_894,0
11027,area_1111,0
2965,area_344,1
18275,area_380,0
17546,area_276,0
2884,area_877,0
2159,area_693,0
6373,area_475,0
6604,area_877,1
10953,area_504,0
15632,area_181,1
3267,area_1107,1
14815,area_13,0
4291,area_114,1
7017,area_1018,1
7997,area_906,1
17421,area_845,1
15840,area_488,0
7332,area_391,0
5753,area_639,0
13230,area_817,0
8667,area_760,1
1271,area_410,0
17879,area_763,2
2637,area_950,0
11742,area_613,2
8102,area_643,0
7968,area_471,0
11752,area_505,0
9803,area_124,0
6344,area_1055,0
13065,area_1018,0
17938,area_122,0
9096,area_968,0
1479,area_602,0
4605,area_7,0
14233,area_1029,0
15426,area_825,1
6169,area_655,0
11661,area_707,0
12639,area_292,0
13488,area_93,1
17800,area_484,0
3229,area_984,0
5728,area_734,0
12716,area_460,1
7076,area_1026,0
8781,area_311,1
11526,area_600,2
3256,area_7,0
10173,area_891,0
14446,area_126,0
6854,area_890,0
4986,area_16,0
519,area_122,0
15072,area_1019,1
5958,area_122,0
15430,area_963,0
6632,area_116,0
11298,area_984,0
15989,area_878,0
16223,area_226,0
4846,area_849,0
3782,area_619,1
949,area_651,0
17624,area_448,0
2273,area_814,0
809,area_204,1
14696,area_834,0
6205,area_938,1
638,area_371,1
5336,area_498,0
14703,area_693,1
14426,area_793,0
6509,area_126,0
16544,area_1052,0
7062,area_881,0
3058,area_240,0
1574,area_1008,0
8651,area_616,0
5807,area_135,0
13177,area_13,0
5876,area_506,0
14390,area_876,1
1320,area_875,0
4685,area_653,0
15347,area_962,2
4261,area_443,0
906,area_1120,0
11781,area_1044,0
4482,area_483,0
4619,area_1081,1
2588,area_1,0
13568,area_805,0
873,area_655,1
14041,area_714,0
8627,area_599,1
7046,area_798,1
5157,area_644,0
16975,area_284,1
12294,area_641,2
18254,area_468,0
14132,area_102,0
3451,area_103,0
17444,area_348,0
363,area_809,0
5192,area_881,0
2233,area_839,1
9925,area_8,0
7399,area_159,1
12318,area_1000,0
1556,area_735,0
8844,area_373,0
797,area_126,0
8947,area_818,1
6585,area_866,2
12742,area_280,1
6910,area_447,0
17108,area_818,1
9752,area_995,2
9949,area_282,1
5381,area_600,2
17340,area_577,0
7637,area_974,2
5246,area_347,0
16155,area_603,0
12108,area_1086,0
8676,area_118,0
8554,area_659,1
6362,area_942,1
2594,area_1098,2
9879,area_1008,1
15307,area_242,0
9536,area_420,1
14737,area_798,2
2909,area_834,2
7699,area_875,0
12695,area_839,0
1770,area_1063,1
1762,area_1053,1
14287,area_870,0
7961,area_450,0
13483,area_496,0
9601,area_894,0
13451,area_921,1
10841,area_1053,1
1909,area_846,2
12325,area_88,1
14601,area_19,0
6805,area_420,1
13322,area_1076,0
4637,area_618,0
12411,area_1095,1
5901,area_1054,0
11155,area_91,0
12283,area_944,1
12631,area_47,0
13340,area_810,0
11390,area_737,0
6225,area_821,1
15712,area_485,0
1828,area_664,0
17027,area_684,2
2010,area_808,0
640,area_744,0
11912,area_1049,0
4143,area_1095,0
948,area_1038,1
4259,area_124,0
7338,area_1089,1
2284,area_795,0
12772,area_466,0
2842,area_1030,0
1054,area_1084,1
2713,area_919,0
9996,area_821,2
17841,area_763,0
9059,area_1008,0
2239,area_638,0
11776,area_1023,1
11765,area_821,1
80,area_194,0
1544,area_865,1
2929,area_845,0
2674,area_116,0
17009,area_662,0
4591,area_1019,0
9636,area_123,0
4694,area_759,0
5928,area_1008,2
3346,area_277,0
741,area_1051,0
2432,area_923,0
446,area_1056,1
15209,area_734,0
4034,area_507,0
10201,area_878,0
9661,area_608,0
16314,area_1052,1
12090,area_921,1
10591,area_834,2
11019,area_1082,0
6148,area_957,0
15494,area_1,0
6975,area_653,2
7032,area_300,0
16531,area_344,0
15741,area_149,0
8288,area_1061,1
13492,area_653,1
10089,area_845,2
10382,area_474,0
18530,area_756,0
18542,area_495,0
7675,area_184,1
14461,area_684,0
13212,area_769,2
16953,area_242,0
10333,area_740,0
2589,area_679,1
11670,area_995,2
4876,area_891,0
8634,area_467,0
17103,area_1052,0
8228,area_756,1
8487,area_721,1
364,area_148,0
7953,area_976,0
14775,area_480,0
10561,area_1018,0
17599,area_794,1
12877,area_881,1
15124,area_1107,1
7206,area_124,0
14719,area_400,0
7243,area_485,0
2092,area_117,0
9420,area_892,0
6951,area_1087,0
10544,area_242,0
5932,area_995,1
13606,area_1019,0
1904,area_892,0
11713,area_373,0
18412,area_977,0
9557,area_1077,0
7259,area_91,0
13,area_418,0
14330,area_256,0
6130,area_495,0
1707,area_505,0
13764,area_126,0
14454,area_490,0
1051,area_480,0
4720,area_152,0
8371,area_830,2
10500,area_891,0
11618,area_484,0
13952,area_734,1
10795,area_810,2
13698,area_810,1
3917,area_661,0
909,area_59,1
6962,area_437,1
3337,area_613,1
11552,area_601,0
15211,area_735,0
1543,area_798,1
10863,area_309,0
5714,area_102,0
486,area_821,0
7821,area_845,0
3459,area_846,2
6601,area_814,0
11077,area_281,0
4125,area_242,0
9650,area_120,1
17068,area_1052,0
10838,area_884,2
6448,area_475,0
9611,area_1042,1
15146,area_806,0
8103,area_450,0
17616,area_793,0
4941,area_1014,1
11457,area_837,1
8875,area_1033,1
10346,area_326,1
8262,area_519,0
484,area_1018,0
17330,area_808,0
12414,area_141,1
1258,area_757,1
15242,area_181,0
11307,area_798,2
784,area_445,0
7603,area_477,0
12194,area_1008,0
5828,area_732,0
5123,area_344,1
17836,area_255,1
4566,area_794,0
2074,area_507,0
10351,area_895,2
3593,area_465,0
12472,area_107,0
196,area_782,0
10199,area_211,0
14130,area_532,1
18055,area_821,0
14635,area_460,0
13269,area_1107,2
2258,area_767,1
11189,area_1019,2
10722,area_808,0
11317,area_875,1
11310,area_328,0
858,area_1083,0
4938,area_938,0
6061,area_638,0
18111,area_963,0
8313,area_798,2
15729,area_864,1
17935,area_944,1
10437,area_540,2
14816,area_769,0
15863,area_925,2
17517,area_475,0
206,area_805,0
14391,area_690,0
14179,area_836,0
15333,area_205,0
6239,area_356,1
7922,area_742,0
7800,area_290,0
3210,area_899,0
12873,area_476,0
10553,area_846,2
18413,area_1002,0
420,area_686,0
12733,area_329,0
1425,area_944,0
18054,area_296,1
10625,area_881,0
84,area_745,1
5207,area_627,1
6089,area_846,2
4658,area_1019,0
1665,area_846,1
17426,area_488,0
12316,area_240,0
2823,area_299,0
14486,area_480,0
15292,area_498,0
217,area_13,1
16049,area_894,0
15456,area_684,2
17807,area_903,1
4749,area_309,1
11764,area_805,0
5183,area_596,1
16170,area_465,0
14266,area_320,0
2802,area_484,0
12441,area_826,1
9973,area_485,0
1485,area_702,0
6365,area_645,0
17021,area_141,0
13880,area_618,1
11166,area_848,0
15034,area_181,0
17429,area_155,0
12651,area_1030,1
7444,area_627,0
6754,area_696,0
12103,area_716,0
11278,area_133,0
8390,area_998,1
3207,area_491,0
269,area_891,0
9353,area_95,0
5964,area_709,0
10663,area_89,0
5798,area_604,1
16213,area_466,0
7725,area_690,0
8625,area_714,1
12363,area_1086,1
5393,area_670,1
9594,area_793,0
1166,area_584,0
7377,area_1068,0
4419,area_945,1
11529,area_375,0
16901,area_763,0
7827,area_734,0
681,area_1099,0
17809,area_479,0
13142,area_466,0
8055,area_481,1
377,area_735,0
9372,area_1019,0
7733,area_823,1
4368,area_638,2
10010,area_520,0
10624,area_442,0
10906,area_537,1
38,area_468,0
3214,area_734,0
6217,area_476,0
14336,area_1106,1
11820,area_895,1
16557,area_793,0
11695,area_244,1
14253,area_653,0
2170,area_931,2
7980,area_845,1
7148,area_1033,0
4873,area_378,0
4588,area_360,1
10362,area_251,0
12229,area_704,0
7573,area_797,1
17438,area_653,2
16198,area_963,0
11926,area_737,0
10584,area_849,0
12944,area_1010,0
1787,area_599,2
15103,area_206,0
13609,area_476,0
9776,area_808,0
869,area_282,0
6531,area_478,0
5365,area_128,0
16056,area_100,0
2197,area_916,0
3104,area_704,0
9727,area_102,0
13684,area_607,0
5306,area_654,1
2287,area_697,0
10952,area_414,0
11772,area_810,2
5733,area_798,0
9753,area_794,0
3195,area_816,1
10762,area_707,0
14370,area_1075,0
2237,area_135,0
9166,area_946,0
1988,area_825,1
13762,area_894,0
12452,area_894,0
15514,area_430,0
17512,area_466,0
6694,area_995,1
1283,area_380,0
7135,area_474,0
4549,area_921,1
11003,area_126,0
13216,area_948,1
17204,area_831,0
13496,area_1071,0
7503,area_1010,1
15310,area_909,0
83,area_149,0
4144,area_651,1
7364,area_597,0
6686,area_56,0
60,area_931,0
492,area_692,0
11401,area_388,1
4423,area_767,1
9323,area_802,1
1248,area_648,2
18210,area_704,0
14199,area_401,0
11052,area_342,0
10366,area_846,0
2759,area_1094,0
8613,area_469,0
1666,area_1008,0
2730,area_498,0
2311,area_494,0
13384,area_139,1
10957,area_836,0
16572,area_613,0
12224,area_810,0
4468,area_476,0
5277,area_414,1
7468,area_754,1
8100,area_91,0
4208,area_466,0
15315,area_481,0
13875,area_460,0
16266,area_122,0
8009,area_611,0
552,area_745,1
2618,area_600,2
6577,area_760,1
12917,area_297,0
3726,area_1030,0
14155,area_149,0
17538,area_1107,2
7331,area_584,0
3407,area_1109,0
15946,area_895,2
9788,area_616,0
1976,area_460,0
17431,area_655,0
18161,area_696,0
14210,area_491,0
6885,area_535,2
11693,area_124,0
5295,area_921,1
8727,area_885,0
2879,area_313,0
1540,area_1084,1
14217,area_1052,0
11853,area_704,1
10903,area_479,0
1069,area_126,0
6440,area_1052,1
10694,area_1107,0
9926,area_91,0
10528,area_208,0
1977,area_184,0
6407,area_643,2
5430,area_124,0
6459,area_765,0
15438,area_814,0
8138,area_495,0
16821,area_242,0
3952,area_1,1
11177,area_380,0
11269,area_130,0
7113,area_546,0
10800,area_892,1
43,area_300,0
17338,area_1061,2
1296,area_846,2
17362,area_851,0
9862,area_234,1
14731,area_744,1
7952,area_102,0
11080,area_497,0
1530,area_1052,0
3883,area_810,0
1877,area_837,0
549,area_495,0
4386,area_1066,1
8535,area_763,2
3821,area_643,0
8265,area_319,0
4725,area_810,2
3762,area_875,0
853,area_159,0
13053,area_460,0
23,area_257,0
15671,area_252,1
17581,area_1019,2
9087,area_795,0
2861,area_1107,0
10748,area_853,0
10060,area_823,0
16468,area_1010,0
4030,area_186,0
16409,area_12,0
16171,area_830,1
10972,area_826,1
9254,area_476,0
8763,area_948,1
4307,area_707,0
14270,area_493,0
16874,area_1099,0
10750,area_600,2
5777,area_147,0
17898,area_962,0
6054,area_653,2
4979,area_1110,1
7789,area_889,1
14496,area_161,0
1694,area_1088,1
3954,area_139,1
2571,area_892,0
14575,area_768,0
8123,area_476,0
16010,area_891,0
13391,area_1019,2
1019,area_464,0
14304,area_495,0
1959,area_248,0
12018,area_242,0
17738,area_705,0
13661,area_653,1
7295,area_821,1
15915,area_821,0
3636,area_242,0
13058,area_346,0
2997,area_995,2
6121,area_369,0
8211,area_851,0
13538,area_709,0
15622,area_1075,1
9888,area_826,1
2518,area_798,1
17034,area_102,0
10577,area_149,0
7639,area_1069,1
961,area_925,0
15499,area_995,1
14879,area_326,1
16988,area_657,0
9181,area_825,1
11499,area_894,0
8609,area_270,1
18440,area_603,1
7224,area_501,0
550,area_1031,0
14400,area_735,0
7594,area_1086,2
5203,area_468,0
14356,area_742,0
7868,area_655,0
13339,area_493,0
10416,area_135,0
4175,area_684,1
6872,area_1097,0
4980,area_311,0
11518,area_756,1
902,area_763,1
8312,area_875,0
11171,area_894,0
17088,area_430,1
18019,area_834,0
92,area_600,0
4021,area_1052,0
9853,area_1025,0
5546,area_270,0
9331,area_165,0
17527,area_675,1
17897,area_475,0
9039,area_1111,1
10302,area_282,1
438,area_684,2
4186,area_814,0
15539,area_1026,0
2268,area_1067,1
2923,area_994,0
13105,area_846,2
13850,area_1054,0
3528,area_879,0
5873,area_135,0
373,area_834,2
5339,area_1074,0
17673,area_718,0
5317,area_518,0
16455,area_1031,0
2688,area_978,1
17327,area_258,1
6753,area_91,0
12782,area_821,2
12745,area_821,1
4155,area_466,0
7955,area_707,1
11520,area_756,0
17721,area_609,0
14972,area_899,0
17748,area_1063,0
15047,area_937,2
18480,area_485,0
3659,area_1060,0
6616,area_909,1
10745,area_469,0
9366,area_976,1
13455,area_155,1
17537,area_208,0
504,area_798,0
2653,area_100,0
11293,area_793,0
4439,area_475,0
3553,area_1052,1
1704,area_1018,1
12396,area_1107,0
9580,area_856,1
16035,area_152,0
7602,area_208,1
2136,area_600,0
7619,area_851,0
17536,area_505,0
17606,area_925,0
553,area_798,0
17356,area_136,0
2274,area_1034,0
11187,area_619,1
4090,area_309,0
14716,area_793,0
16376,area_684,0
5559,area_1010,0
2932,area_957,1
3945,area_684,2
691,area_931,0
1455,area_734,0
4959,area_607,0
16847,area_932,0
10630,area_147,0
6273,area_994,0
8036,area_1014,0
18143,area_465,0
2001,area_478,0
11325,area_649,1
12055,area_1052,0
3572,area_683,0
7683,area_501,0
17745,area_1008,1
57,area_1075,1
18449,area_173,0
6813,area_1115,1
9028,area_1042,2
11964,area_638,2
16661,area_453,0
10130,area_492,0
9808,area_1100,2
6808,area_653,1
444,area_326,1
9006,area_226,1
17650,area_1033,1
9784,area_485,0
8008,area_325,0
12517,area_76,1
1937,area_128,0
14038,area_973,0
14075,area_489,0
5340,area_1026,2
15589,area_495,0
3248,area_130,0
6598,area_496,0
17029,area_640,0
496,area_481,0
14026,area_172,1
10326,area_707,0
1566,area_1018,0
17213,area_653,1
2017,area_1038,1
4273,area_600,1
8201,area_897,0
7128,area_1052,1
4913,area_380,0
4083,area_704,0
12005,area_850,1
14690,area_408,0
17172,area_899,1
15294,area_600,0
2174,area_808,0
6935,area_812,0
3826,area_1107,0
2894,area_934,0
2897,area_878,0
5049,area_846,0
855,area_1019,2
16825,area_466,0
10548,area_1107,0
5853,area_1031,0
8316,area_102,0
1047,area_373,0
8897,area_102,0
2135,area_867,2
16247,area_498,0
11149,area_476,0
10488,area_124,0
9226,area_322,1
6978,area_149,0
3855,area_793,0
17989,area_409,0
13250,area_522,0
1409,area_723,0
12544,area_17,1
3691,area_1055,0
9104,area_735,0
18227,area_126,0
13947,area_641,2
11280,area_837,1
16154,area_699,0
5423,area_810,2
17051,area_964,0
17521,area_638,0
1028,area_332,1
15957,area_485,0
8026,area_509,0
2917,area_1103,2
7049,area_1008,0
430,area_1100,1
15548,area_765,0
3297,area_280,0
8063,area_944,1
14687,area_742,0
5476,area_1019,2
8794,area_229,0
11759,area_507,0
16446,area_488,0
11956,area_122,0
14363,area_122,0
11640,area_471,0
3611,area_995,2
6280,area_244,0
12256,area_497,0
506,area_756,0
18357,area_707,0
17142,area_475,0
14955,area_292,0
17491,area_691,0
9444,area_846,0
15585,area_122,0
9584,area_500,0
13206,area_967,2
14064,area_380,0
11631,area_878,0
9367,area_378,0
1218,area_496,0
11947,area_159,0
14572,area_998,1
11660,area_615,0
4833,area_107,1
491,area_808,0
9048,area_957,2
14294,area_133,0
10708,area_925,0
6705,area_73,0
12538,area_976,1
8309,area_1104,0
4399,area_95,0
4443,area_514,0
16123,area_603,0
17844,area_242,0
1672,area_288,0
9400,area_126,0
8611,area_821,2
12788,area_803,0
11224,area_823,0
2368,area_494,0
12757,area_814,0
14740,area_814,0
11194,area_1032,1
5523,area_637,0
7305,area_734,2
8202,area_1049,1
4802,area_296,1
9774,area_704,1
17576,area_808,0
12621,area_514,0
93,area_1086,0
14688,area_450,0
15147,area_810,0
12069,area_243,0
12514,area_363,0
8040,area_675,1
12344,area_1056,1
15807,area_450,0
15637,area_493,0
3982,area_116,0
17525,area_1018,1
8638,area_961,0
1936,area_298,0
9234,area_818,1
10776,area_407,1
15676,area_102,0
11624,area_906,0
11817,area_984,2
5364,area_504,0
1915,area_794,0
5459,area_878,0
8189,area_526,0
5745,area_242,0
3544,area_798,1
6302,area_501,0
13956,area_921,0
13447,area_1100,2
9882,area_506,0
8574,area_378,0
6999,area_491,0
10844,area_1011,1
12584,area_471,0
624,area_165,1
4351,area_684,0
5458,area_534,0
6846,area_976,1
13807,area_893,0
13232,area_856,1
13682,area_124,0
7705,area_810,2
13462,area_495,0
9901,area_707,0
13201,area_242,0
16796,area_16,1
3417,area_584,0
14288,area_125,0
3558,area_137,0
15248,area_7,1
3730,area_1100,1
1164,area_794,2
14993,area_921,2
5957,area_135,0
10501,area_1052,0
6821,area_118,0
14659,area_744,0
4115,area_471,0
2520,area_427,0
16304,area_704,2
7311,area_1062,0
14746,area_509,0
7446,area_795,0
7344,area_424,0
13813,area_857,1
10580,area_1060,0
2383,area_925,0
4864,area_245,0
61,area_284,1
15473,area_641,0
15178,area_507,0
7048,area_447,1
2476,area_107,0
716,area_895,2
5991,area_931,0
16766,area_816,1
9865,area_380,0
9489,area_644,0
1101,area_465,0
1675,area_91,0
9604,area_462,0
13205,area_845,2
9602,area_420,1
11608,area_826,1
8159,area_1017,1
14303,area_830,1
13754,area_613,2
2266,area_704,1
9539,area_520,0
1749,area_641,1
15939,area_237,0
13713,area_350,1
13779,area_441,0
2064,area_459,0
15522,area_1048,1
13919,area_1083,0
13725,area_469,0
14801,area_413,1
6347,area_1066,0
1572,area_208,0
12449,area_946,0
146,area_505,0
5387,area_821,2
13793,area_846,2
5009,area_601,0
8928,area_324,0
8158,area_478,0
4693,area_836,0
14043,area_484,0
16687,area_1090,1
15848,area_834,0
13815,area_734,2
10457,area_49,0
3011,area_601,1
8263,area_1010,1
13389,area_33,0
1,area_601,1
15381,area_1008,2
15386,area_846,2
11482,area_930,0
5897,area_835,0
409,area_808,0
18498,area_892,0
11469,area_229,0
952,area_13,0
13834,area_149,0
8991,area_12,1
13241,area_814,0
6311,area_705,2
8069,area_500,0
14430,area_135,0
11348,area_702,1
14396,area_242,0
18443,area_1107,1
3141,area_755,0
9463,area_118,0
14324,area_883,0
7904,area_684,0
4429,area_846,0
13650,area_732,0
5573,area_823,1
11306,area_494,0
10426,area_563,0
17196,area_919,0
8937,area_1109,1
242,area_1031,0
8599,area_1026,1
8594,area_89,1
15673,area_771,1
391,area_149,0
1504,area_124,0
5310,area_834,1
5201,area_242,0
7883,area_989,1
5028,area_962,1
8911,area_415,1
3018,area_891,0
13857,area_461,0
17265,area_1061,2
13644,area_303,0
16151,area_704,0
9292,area_181,0
16906,area_653,2
14658,area_276,0
14642,area_497,0
12650,area_100,0
7287,area_836,0
16450,area_619,2
856,area_330,1
8284,area_763,1
13499,area_810,1
5614,area_737,1
3198,area_756,0
15107,area_713,0
13642,area_1100,2
7844,area_800,0
18527,area_135,1
8287,area_320,1
3913,area_123,0
8546,area_1107,0
6780,area_609,0
11757,area_673,1
7672,area_501,0
9424,area_124,0
11262,area_821,0
1603,area_737,0
8927,area_468,0
4249,area_1026,0
412,area_1080,1
17220,area_646,2
9115,area_91,0
8605,area_466,0
17229,area_871,0
18392,area_418,1
260,area_653,0
16203,area_699,0
14265,area_945,0
6731,area_494,0
6629,area_1100,1
11276,area_962,0
8022,area_826,1
2708,area_311,0
14906,area_760,0
18071,area_976,0
6897,area_1051,2
14892,area_522,0
4582,area_802,0
15387,area_684,0
7352,area_478,0
11729,area_887,0
18528,area_1042,2
18203,area_798,0
10644,area_498,0
1754,area_423,1
9737,area_130,1
17061,area_822,0
4630,area_1008,0
4935,area_821,1
4295,area_498,0
3992,area_378,0
4469,area_1067,0
17005,area_60,1
7717,area_471,0
6423,area_151,0
10299,area_257,0
1999,area_600,0
14996,area_763,2
11424,area_477,0
13732,area_1066,0
14286,area_849,0
10700,area_498,0
9942,area_255,0
8529,area_1061,1
7987,area_116,1
1582,area_476,0
15895,area_889,0
17381,area_600,0
10371,area_496,0
5868,area_498,0
15725,area_118,0
4106,area_724,2
8380,area_628,0
16805,area_1105,0
9246,area_506,0
239,area_881,1
2781,area_1109,0
16349,area_1107,2
12953,area_704,0
3384,area_9,0
17174,area_518,0
4031,area_34,0
11243,area_696,0
1400,area_375,0
9631,area_600,2
7848,area_390,1
9883,area_979,0
11527,area_763,2
178,area_939,0
8578,area_169,1
3741,area_991,2
622,area_856,1
13118,area_290,1
682,area_455,0
9884,area_779,2
7755,area_478,0
9928,area_1019,2
18029,area_798,1
14718,area_826,1
7676,area_995,2
11442,area_893,0
18442,area_902,1
14846,area_893,0
2896,area_1053,0
16888,area_258,0
15325,area_813,1
1071,area_445,0
4936,area_794,0
18031,area_369,0
10432,area_895,1
5727,area_119,0
204,area_505,0
358,area_1104,1
5153,area_475,0
15649,area_622,0
4077,area_255,0
15071,area_943,1
432,area_255,0
4856,area_820,1
8210,area_767,1
17323,area_745,1
6210,area_471,0
7274,area_830,1
17233,area_547,0
3660,area_823,0
6211,area_1100,2
1282,area_957,0
1473,area_945,1
14975,area_646,1
1882,area_846,1
16293,area_409,0
480,area_899,0
1490,area_344,0
408,area_232,0
10809,area_893,0
5385,area_244,0
17583,area_479,0
5347,area_889,0
16014,area_242,0
9514,area_1102,0
14146,area_676,0
12264,area_942,0
16755,area_475,0
5764,area_629,0
18399,area_1014,2
9577,area_957,0
4921,area_244,0
2068,area_735,0
4974,area_12,0
6081,area_704,0
9907,area_1008,0
10319,area_1007,0
94,area_1111,2
7740,area_821,1
5148,area_613,1
14591,area_760,0
14357,area_122,0
16781,area_1014,1
8685,area_159,0
9213,area_213,1
13751,area_767,0
687,area_638,2
7976,area_144,1
17502,area_1024,0
1269,area_963,0
4863,area_613,0
10132,area_810,1
4930,area_91,0
6350,area_255,1
11188,area_895,2
13120,area_288,0
10268,area_893,0
6900,area_9,0
8397,area_475,0
8244,area_314,1
14994,area_1029,0
1691,area_518,0
2684,area_484,0
13179,area_810,0
12906,area_337,1
6665,area_4,1
5311,area_836,0
15965,area_97,0
1824,area_800,0
11121,area_477,0
234,area_714,1
7157,area_476,0
12975,area_471,0
11733,area_311,0
4865,area_116,0
13005,area_1042,0
14441,area_744,1
14769,area_292,1
15672,area_1050,0
7558,area_684,2
7528,area_471,0
2190,area_734,2
5243,area_984,0
722,area_1007,0
16733,area_1069,0
9641,area_294,1
3642,area_276,0
11313,area_1010,1
7044,area_460,0
2977,area_13,2
6675,area_896,0
4966,area_488,0
2096,area_135,0
11477,area_496,0
5320,area_1019,2
15851,area_627,0
4009,area_731,0
11038,area_102,0
9183,area_286,1
787,area_897,2
1031,area_763,1
2803,area_484,0
2773,area_825,1
10146,area_1072,0
897,area_373,0
14518,area_445,0
7291,area_957,0
18377,area_240,1
10329,area_1019,0
17409,area_816,2
15157,area_1049,2
5580,area_644,0
9328,area_726,2
8168,area_1102,0
18231,area_90,0
9267,area_500,0
299,area_445,0
7930,area_126,0
2434,area_810,2
7007,area_1049,0
1310,area_836,0
6289,area_976,0
16879,area_695,0
6818,area_1026,1
7147,area_242,0
14741,area_649,0
1795,area_805,0
17184,area_839,0
9303,area_931,2
16244,area_793,0
14643,area_501,0
1165,area_509,0
15119,area_159,1
16001,area_254,0
6152,area_837,1
9586,area_890,0
15796,area_122,0
1852,area_794,0
18037,area_981,0
7254,area_810,1
8789,area_1052,2
323,area_763,1
8238,area_314,0
8340,area_255,0
18492,area_135,0
7104,area_369,0
10617,area_236,0
12277,area_1107,2
6381,area_737,0
5369,area_506,0
12827,area_286,1
4989,area_794,0
3152,area_653,2
8090,area_946,0
18080,area_122,0
9377,area_793,0
7585,area_1008,1
16065,area_16,0
4573,area_664,0
13594,area_128,0
387,area_957,0
9617,area_91,0
4460,area_1030,0
14739,area_864,1
9147,area_834,0
15922,area_831,1
11006,area_707,0
4844,area_380,0
6185,area_1099,0
1352,area_618,1
17788,area_296,0
18524,area_834,1
6689,area_102,0
16458,area_278,0
12372,area_493,0
13593,area_786,0
6002,area_477,0
17401,area_124,0
9581,area_155,0
3255,area_95,0
8052,area_704,2
17319,area_455,0
16780,area_343,0
1441,area_549,0
10882,area_704,1
4931,area_441,1
406,area_13,2
3076,area_380,0
14060,area_1065,0
5193,area_798,0
17152,area_818,1
7476,area_1031,1
9079,area_814,0
1210,area_448,0
4973,area_1100,2
5417,area_918,1
14727,area_91,0
15931,area_494,0
5598,area_175,1
14954,area_1106,1
3645,area_243,0
15331,area_1100,2
4800,area_957,0
1405,area_126,0
16549,area_943,1
12950,area_826,0
7564,area_303,1
1916,area_91,0
9970,area_844,1
14076,area_834,1
15821,area_893,1
13334,area_1099,0
7179,area_1058,1
16673,area_976,0
17446,area_4,1
7424,area_521,0
6569,area_696,0
6886,area_562,0
11191,area_126,0
972,area_2,0
11711,area_394,1
8229,area_891,0
6341,area_938,1
11435,area_723,1
12215,area_122,0
5904,area_135,0
8694,area_1015,1
4524,area_810,0
17714,area_734,0
732,area_909,0
7682,area_923,0
6776,area_652,1
13842,area_536,1
6740,area_707,0
8888,area_419,1
3695,area_1067,1
4076,area_790,0
2792,area_619,0
11907,area_515,0
300,area_691,1
9504,area_695,2
9875,area_518,0
4305,area_91,0
14281,area_1097,1
3794,area_1047,0
12803,area_846,1
13273,area_1010,1
14273,area_135,0
11067,area_149,0
6914,area_1,0
16627,area_976,2
154,area_257,1
6800,area_769,2
17873,area_135,1
4123,area_627,1
1421,area_653,2
18036,area_7,0
9278,area_95,0
9780,area_737,1
4205,area_632,0
10758,area_737,1
7942,area_280,0
6477,area_282,0
2388,area_744,2
3386,area_989,1
4218,area_618,1
10984,area_584,0
3798,area_242,0
15410,area_816,0
251,area_122,0
1312,area_505,0
11969,area_1082,0
13498,area_648,0
6,area_332,1
7379,area_500,0
5509,area_837,0
12942,area_479,0
4114,area_273,0
1482,area_22,0
3911,area_471,0
3063,area_653,2
4475,area_365,1
5062,area_374,0
9531,area_371,1
17811,area_1100,1
8383,area_700,1
5444,area_1086,0
11930,area_380,0
1006,area_603,0
2352,area_476,0
12694,area_1107,2
9324,area_891,0
3166,area_839,1
9089,area_122,0
15870,area_646,0
3748,area_962,0
10409,area_1015,0
17057,area_122,0
16926,area_91,0
13094,area_1056,1
9885,area_1031,1
17389,area_17,1
6891,area_1063,0
10198,area_253,0
1645,area_653,1
17276,area_469,0
13233,area_477,0
715,area_445,0
8879,area_155,0
4513,area_466,0
13166,area_836,0
14434,area_754,0
3823,area_734,0
3153,area_798,2
9936,area_260,1
18230,area_931,0
16222,area_600,2
5818,area_839,1
8525,area_704,1
8213,area_726,1
4493,area_821,0
1159,area_234,0
5129,area_851,1
49,area_484,0
2299,area_382,0
17364,area_1099,0
4794,area_485,0
7281,area_396,0
6995,area_734,2
14561,area_468,0
14831,area_504,0
18256,area_821,0
3259,area_92,0
660,area_124,0
14672,area_691,0
10989,area_147,0
2144,area_204,0
16074,area_653,2
7950,area_403,0
243,area_520,0
7919,area_724,1
16921,area_766,0
6426,area_8,0
16088,area_653,1
2980,area_839,0
10376,area_1107,2
16900,area_793,0
3118,area_707,0
10294,area_600,2
12831,area_638,2
10438,area_208,1
3277,area_459,0
10977,area_1017,0
400,area_1017,1
16526,area_644,0
14715,area_838,0
2312,area_592,1
15189,area_7,0
12746,area_128,0
7337,area_889,0
943,area_252,0
18035,area_557,0
13872,area_1084,0
2592,area_834,2
11192,area_885,1
8767,area_508,0
11039,area_737,0
11083,area_149,0
1112,area_794,0
10185,area_1052,2
9417,area_518,0
8064,area_845,0
1444,area_1052,1
13544,area_476,0
12530,area_946,0
2734,area_1010,0
14481,area_326,0
1533,area_475,0
17058,area_9,0
17241,area_814,0
4727,area_418,1
14229,area_1094,0
7891,area_481,0
2209,area_963,0
5609,area_1100,2
9273,area_244,0
8908,area_1063,0
4292,area_1095,0
16756,area_744,0
259,area_282,0
15837,area_169,0
4362,area_183,0
6286,area_325,0
12053,area_881,1
9470,area_1118,1
4028,area_484,0
14985,area_851,1
1309,area_1117,1
6262,area_1052,1
14095,area_382,0
16312,area_141,0
13907,area_765,1
11359,area_114,1
8969,area_126,0
497,area_253,0
5040,area_149,0
13406,area_794,0
13889,area_894,0
16291,area_821,0
12291,area_664,0
12763,area_124,0
4861,area_1017,1
8193,area_1010,1
4080,area_62,1
9566,area_808,0
19,area_644,1
18281,area_181,0
13864,area_1049,0
10161,area_1007,0
1847,area_477,0
9091,area_821,0
18184,area_823,0
8216,area_181,0
6523,area_496,0
17646,area_756,1
9040,area_1107,2
16742,area_814,0
3442,area_809,0
2671,area_256,0
6722,area_465,0
4170,area_1065,0
1861,area_627,1
13838,area_1007,0
5774,area_208,0
15104,area_599,0
4169,area_704,1
11517,area_942,1
11400,area_827,1
8732,area_124,0
2151,area_305,0
11472,area_821,0
3499,area_849,0
11025,area_890,0
4756,area_745,2
5291,area_803,0
7367,area_962,1
12659,area_317,0
15784,area_599,0
13442,area_704,1
17399,area_479,0
11824,area_613,0
16897,area_244,0
14559,area_118,0
5473,area_240,0
5471,area_921,1
15681,area_707,0
18387,area_690,0
4635,area_161,1
13977,area_508,0
15658,area_478,0
13986,area_891,0
12267,area_957,0
9770,area_696,0
15014,area_457,0
112,area_963,0
1771,area_864,2
7211,area_798,0
11574,area_443,0
6648,area_1008,0
10658,area_1015,0
12647,area_426,0
12646,area_380,0
7435,area_1100,2
8421,area_270,0
2409,area_912,1
7504,area_1016,1
3889,area_373,0
17662,area_322,1
2099,area_897,0
17219,area_476,0
1266,area_246,1
13393,area_856,1
11030,area_808,0
13755,area_834,0
17894,area_1058,0
6494,area_823,0
9034,area_902,0
576,area_322,0
2503,area_473,0
13044,area_17,1
9037,area_473,0
14544,area_1125,1
10784,area_600,2
5299,area_467,0
4531,area_660,0
14863,area_243,0
10520,area_1019,2
15701,area_509,0
3817,area_276,0
892,area_346,1
7039,area_2,0
17182,area_460,1
3428,area_472,0
26,area_238,0
7959,area_802,0
9964,area_389,0
17315,area_288,0
17990,area_396,0
3697,area_116,0
4199,area_280,1
17663,area_559,2
6310,area_1112,0
9681,area_943,0
4018,area_135,0
14394,area_152,1
15340,area_709,0
16998,area_1031,1
15389,area_181,0
16417,area_884,1
17835,area_378,1
12801,area_899,0
9033,area_1061,2
15517,area_1018,1
15276,area_2,1
4122,area_565,2
1803,area_1023,0
13517,area_157,0
6661,area_32,0
16866,area_821,1
3308,area_1025,1
6016,area_707,0
15355,area_27,1
608,area_1008,1
17118,area_895,1
16300,area_527,0
279,area_400,0
10472,area_484,0
5120,area_932,0
7818,area_1010,0
8431,area_846,0
12984,area_942,0
11023,area_902,0
17532,area_161,0
15116,area_976,0
16268,area_837,1
1902,area_1113,1
3863,area_135,0
64,area_921,0
11444,area_1007,1
10158,area_13,1
15091,area_460,1
16864,area_127,0
5889,area_794,0
14760,area_808,0
3561,area_208,1
4450,area_890,0
7610,area_653,1
18397,area_603,0
10787,area_284,0
16144,area_818,1
5933,area_878,0
13147,area_7,0
17268,area_599,2
7182,area_126,0
18451,area_1107,0
17687,area_931,0
6443,area_995,1
14167,area_118,0
10357,area_501,0
15912,area_648,1
954,area_618,0
9458,area_242,0
14001,area_812,0
12490,area_704,2
11051,area_984,1
12099,area_957,0
7130,area_816,0
7483,area_889,0
12528,area_627,0
4668,area_305,0
3590,area_998,2
3807,area_1058,0
4293,area_1107,1
16396,area_742,0
17169,area_505,0
17193,area_1048,0
18472,area_413,1
912,area_1090,1
16200,area_912,1
12992,area_1120,0
10721,area_1042,1
6902,area_1019,2
15436,area_893,0
12054,area_825,1
13443,area_1049,0
10074,area_211,1
12139,area_155,0
10389,area_124,0
1501,area_322,1
16704,area_490,0
16931,area_7,2
938,area_1107,2
12063,area_9,0
14004,area_684,2
5333,area_1067,0
18163,area_480,0
17417,area_243,0
8759,area_1018,0
15801,area_1008,2
4107,area_707,0
3844,area_805,0
2277,area_836,0
16693,area_723,0
8293,area_407,0
9075,area_793,0
2398,area_126,0
8471,area_196,0
17037,area_1100,2
5021,area_972,1
2251,area_330,0
16682,area_777,1
4715,area_1116,0
11476,area_504,0
8548,area_948,1
8693,area_892,0
12468,area_165,0
2711,area_476,0
11020,area_661,1
3941,area_409,1
8176,area_809,0
8935,area_919,0
16363,area_756,1
8473,area_816,1
5962,area_390,0
1341,area_859,0
15768,area_944,0
1216,area_7,0
7988,area_460,0
777,area_1023,1
17944,area_891,0
13785,area_442,1
13828,area_812,0
5550,area_313,0
1105,area_467,0
240,area_892,1
5895,area_95,0
11205,area_899,1
3963,area_619,0
14066,area_488,0
5874,area_1055,0
6465,area_800,0
16949,area_1,0
12216,area_102,0
9032,area_945,0
4577,area_667,2
18139,area_1072,2
18155,area_124,0
2012,area_477,0
6380,area_126,0
11766,area_1008,0
7369,area_778,1
10374,area_744,0
9277,area_1042,2
11990,area_87,2
14752,area_653,0
6051,area_1107,1
581,area_1007,0
845,area_995,2
16616,area_122,0
11153,area_1047,0
18332,area_477,0
5961,area_1008,2
7838,area_584,0
3182,area_157,0
14516,area_899,1
7720,area_991,2
3612,area_488,0
2318,area_304,0
18076,area_1000,0
14751,area_478,0
15166,area_957,1
15572,area_691,1
9238,area_488,0
3260,area_95,1
10008,area_172,0
14039,area_839,0
9708,area_344,0
4250,area_962,2
9645,area_314,0
4092,area_1019,0
5216,area_476,0
17187,area_798,1
7323,area_135,0
3950,area_484,0
9376,area_484,0
11617,area_762,0
6571,area_124,0
17067,area_885,0
2860,area_798,1
6346,area_1107,2
3258,area_989,2
15905,area_353,1
15599,area_609,0
16816,area_816,1
12535,area_1042,1
1921,area_508,0
11172,area_380,0
5692,area_674,2
17890,area_83,1
13743,area_878,0
15985,area_460,1
11315,area_147,0
4561,area_112,1
13020,area_478,0
6282,area_445,0
8335,area_684,2
17344,area_794,0
11496,area_74,1
5248,area_852,1
1768,area_943,1
7313,area_1020,2
17372,area_127,0
3450,area_444,1
15284,area_1052,2
7540,area_1052,0
5307,area_520,0
5135,area_745,1
11979,area_120,0
9052,area_1100,0
13841,area_103,0
14352,area_380,0
7378,area_32,2
5337,area_1,0
13507,area_155,0
10531,area_755,0
8765,area_1033,1
3531,area_691,0
10025,area_414,0
12317,area_244,0
18288,area_599,0
13348,area_817,0
1438,area_37,1
11687,area_1026,0
9605,area_244,0
7086,area_506,0
14372,area_300,1
678,area_363,0
3348,area_817,0
9820,area_931,0
5490,area_522,0
18405,area_837,1
18057,area_653,0
684,area_704,2
788,area_481,1
12068,area_899,0
794,area_646,0
16615,area_236,1
13691,area_845,2
3272,area_406,1
12305,area_131,1
2641,area_481,0
149,area_504,0
4631,area_497,0
9620,area_1046,2
4108,area_613,2
10831,area_469,0
6053,area_928,1
8167,area_325,1
18358,area_73,1
10320,area_357,0
616,area_885,1
5359,area_995,2
999,area_704,1
10272,area_1075,0
1964,area_1111,0
5353,area_734,2
3454,area_1044,0
15719,area_126,0
9558,area_619,0
1658,area_126,0
16804,area_469,0
16467,area_468,0
3975,area_476,0
16885,area_467,0
5825,area_122,0
17485,area_282,0
15506,area_686,0
7972,area_734,0
14413,area_147,0
9236,area_845,2
7516,area_276,1
12531,area_401,0
12052,area_817,0
2416,area_358,0
11373,area_175,1
17199,area_475,0
9329,area_1080,1
10451,area_333,0
10894,area_128,0
1239,area_244,0
3497,area_673,0
11589,area_1100,2
17753,area_704,1
15344,area_173,1
11632,area_382,0
8071,area_133,1
15914,area_155,0
8774,area_100,0
17991,area_430,0
16721,area_744,0
8115,area_745,2
14365,area_177,0
1739,area_365,1
11848,area_892,0
16073,area_441,0
14092,area_17,1
5052,area_124,0
12985,area_533,0
9348,area_276,0
5899,area_808,0
15545,area_738,0
16174,area_925,0
348,area_962,1
9537,area_921,0
14338,area_289,0
9294,area_140,0
11863,area_760,1
15706,area_691,0
11167,area_343,0
13632,area_1037,0
1981,area_600,1
16667,area_228,0
11411,area_936,1
8180,area_171,0
2569,area_124,0
8286,area_375,1
6691,area_644,1
16638,area_977,1
16620,area_744,1
4035,area_710,1
16969,area_255,0
13028,area_478,0
3270,area_79,1
10683,area_484,0
6958,area_989,0
12183,area_490,0
13891,area_491,0
15951,area_734,2
2642,area_957,0
1433,area_270,0
12586,area_469,0
8065,area_157,0
14249,area_821,2
4363,area_507,0
3919,area_814,0
10411,area_744,1
5844,area_763,0
15860,area_821,1
2614,area_885,0
9185,area_790,0
488,area_400,0
7665,area_1063,0
16794,area_651,0
15001,area_1042,2
1451,area_891,0
4288,area_1070,0
15366,area_380,0
10024,area_91,0
14855,area_363,0
7493,area_691,1
16369,area_905,0
6649,area_976,0
5112,area_704,2
4440,area_1107,0
4254,area_1018,0
4949,area_613,1
1416,area_325,0
16691,area_979,0
2807,area_451,0
4058,area_767,1
16077,area_821,1
1257,area_1045,0
2942,area_485,0
10191,area_892,1
4275,area_8,0
9330,area_810,2
15280,area_99,0
2535,area_805,0
14206,area_931,1
13003,area_599,0
11978,area_381,0
6720,area_878,0
6647,area_550,0
15193,area_964,0
13664,area_1079,0
811,area_314,0
6761,area_321,0
14497,area_280,0
5030,area_1042,2
5558,area_91,0
17698,area_466,0
6355,area_759,0
15373,area_961,1
18226,area_408,0
13300,area_613,1
12430,area_267,0
8735,area_903,0
15393,area_312,0
5647,area_995,0
12140,area_91,0
8972,area_998,0
3543,area_380,0
15686,area_742,1
12384,area_14,0
13722,area_756,1
2077,area_518,0
13689,area_1103,1
15306,area_887,0
7612,area_496,0
9412,area_404,1
5502,area_479,0
16269,area_175,0
5121,area_236,0
3054,area_1050,0
679,area_734,1
15122,area_1049,1
4256,area_504,0
13953,area_92,0
8112,area_122,0
9982,area_834,1
16188,area_282,0
14452,area_484,0
3136,area_821,2
2892,area_120,1
1389,area_87,1
18386,area_526,0
5711,area_808,0
6866,area_325,1
16124,area_122,0
17467,area_339,0
10854,area_97,1
9224,area_658,0
16408,area_471,0
10586,area_404,1
17578,area_704,1
10725,area_320,0
5418,area_538,1
14799,area_462,1
1616,area_541,2
3727,area_734,2
8479,area_522,0
5259,area_1,0
6160,area_1019,0
12682,area_794,0
7432,area_1061,2
9247,area_181,0
7511,area_122,0
544,area_974,1
17511,area_9,0
10551,area_786,0
10876,area_344,1
7495,area_118,0
11441,area_684,2
12710,area_1086,2
14867,area_1111,1
4886,area_684,1
7126,area_821,2
992,area_579,0
2105,area_234,0
812,area_1024,0
10031,area_311,1
6298,area_600,2
7915,area_244,0
6734,area_666,1
6091,area_476,0
15401,area_133,0
575,area_756,1
17293,area_95,0
11156,area_79,1
14581,area_793,0
4717,area_778,1
13660,area_638,0
6421,area_834,0
7231,area_72,0
12098,area_599,0
3215,area_821,0
6936,area_836,1
9010,area_846,1
10122,area_506,0
15383,area_846,1
15145,area_1107,0
16552,area_1093,1
10966,area_661,0
10459,area_976,1
14949,area_1091,0
8059,area_802,0
7198,area_794,1
15445,area_1048,0
13181,area_488,0
6834,area_1015,1
223,area_1107,0
13993,area_491,0
18058,area_1008,0
1638,area_522,0
15309,area_211,1
12594,area_400,1
15770,area_946,0
3506,area_400,0
2703,area_846,0
13610,area_276,0
3515,area_266,0
9134,area_805,0
7185,area_734,0
7393,area_311,0
16301,area_380,0
18213,area_849,0
16040,area_779,1
9817,area_497,0
16697,area_678,1
3582,area_471,0
16952,area_242,0
9207,area_447,0
2748,area_206,1
8933,area_922,1
818,area_821,0
2217,area_793,0
3944,area_793,0
4487,area_938,0
8816,area_962,0
7425,area_124,0
14494,area_987,0
320,area_1100,2
12912,area_491,0
4354,area_480,0
11404,area_1042,2
7582,area_600,0
12806,area_962,2
2143,area_794,0
1308,area_100,0
17564,area_496,0
17914,area_446,1
3765,area_1010,0
15351,area_525,0
4737,area_488,0
4171,area_466,0
15869,area_1052,0
11042,area_899,0
8987,area_607,0
10765,area_976,1
17661,area_704,2
4303,area_477,0
16629,area_181,0
17366,area_1066,0
3319,area_1055,0
14207,area_1053,1
18314,area_1067,1
6640,area_667,0
9591,area_398,0
17284,area_836,0
14545,area_465,0
17405,area_707,0
2608,area_1095,0
9656,area_818,0
1542,area_457,0
11454,area_804,1
12003,area_655,1
16608,area_845,0
2972,area_491,0
12770,area_895,1
12951,area_830,2
6773,area_177,1
11381,area_501,0
17866,area_128,0
13621,area_895,0
135,area_878,0
12583,area_3,0
14610,area_331,0
6832,area_931,1
16995,area_509,0
15816,area_477,0
11029,area_1054,1
2177,area_1107,1
2240,area_10,0
5637,area_798,2
10296,area_680,1
8831,area_1008,0
11968,area_1019,0
7794,area_918,1
17685,area_638,1
9654,area_995,2
17847,area_122,0
13169,area_154,0
14093,area_395,0
12674,area_128,0
5564,area_891,0
16192,area_1042,1
4486,area_12,0
2000,area_505,0
7022,area_644,0
17815,area_892,1
7368,area_976,0
4852,area_1099,0
16281,area_149,0
17310,area_232,0
6052,area_193,0
17343,area_1107,2
7685,area_494,0
7087,area_74,0
17818,area_496,0
18543,area_998,1
11932,area_338,0
9666,area_921,1
1196,area_627,0
3539,area_661,0
3624,area_495,0
9434,area_126,0
2341,area_549,1
6351,area_1109,0
16718,area_704,0
2925,area_755,1
15108,area_15,0
16505,area_1075,0
702,area_976,0
13011,area_378,0
6453,area_475,0
16972,area_845,1
10522,area_378,0
11152,area_474,0
10514,area_793,0
16057,area_831,1
5672,area_1099,0
17054,area_149,0
17519,area_662,0
157,area_1072,0
5377,area_643,1
4503,area_783,0
11918,area_276,1
2445,area_266,1
9425,area_763,2
18150,area_810,0
9460,area_885,0
3457,area_157,0
11132,area_1050,0
901,area_684,0
2015,area_944,0
17151,area_814,0
12743,area_734,0
13346,area_102,1
8483,area_758,0
17982,area_1061,0
12177,area_251,1
415,area_903,1
8095,area_162,0
15113,area_946,0
14661,area_1019,0
11807,area_756,0
8359,area_1017,0
2406,area_810,2
12860,area_22,1
11963,area_1098,0
9954,area_128,0
9850,area_337,0
15760,area_1092,1
17817,area_116,0
15226,area_130,1
9268,area_465,0
8597,area_405,1
16341,area_460,0
6803,area_1008,0
9750,area_478,0
821,area_1008,1
1097,area_491,0
12998,area_288,0
17080,area_839,0
16004,area_872,0
5599,area_1111,1
15089,area_995,2
5270,area_489,0
11924,area_270,0
5949,area_624,0
5751,area_342,0
3379,area_1107,2
7341,area_945,0
5242,area_468,0
5343,area_457,0
10773,area_518,0
14931,area_962,1
3812,area_427,1
9726,area_459,0
13220,area_89,1
16845,area_1052,1
13092,area_836,0
1172,area_344,0
18482,area_1050,0
14015,area_274,1
10938,area_830,0
12568,area_110,0
125,area_793,0
5390,area_255,0
15910,area_475,0
9109,area_618,1
8258,area_300,0
8505,area_829,0
6857,area_1113,1
12864,area_921,2
8633,area_774,2
18341,area_498,0
12329,area_644,1
3420,area_1024,0
2241,area_470,0
18016,area_600,2
1740,area_476,0
8968,area_228,0
6136,area_408,1
3201,area_102,0
2867,area_816,0
9362,area_400,1
7081,area_809,0
3067,area_763,0
8773,area_641,1
8762,area_1086,0
11791,area_638,2
14218,area_950,1
293,area_133,1
10527,area_878,0
13239,area_1030,0
16607,area_268,0
13378,area_1107,2
13388,area_721,1
15780,area_887,0
1639,area_473,0
14877,area_990,0
1104,area_760,1
14381,area_652,0
16586,area_1,0
1810,area_102,0
7932,area_637,0
334,area_627,0
5787,area_490,0
1972,area_922,1
9818,area_189,0
16669,area_600,2
4350,area_704,0
59,area_602,0
11402,area_457,0
8717,area_170,0
14358,area_471,0
515,area_518,0
1527,area_16,0
8378,area_1008,0
8551,area_837,0
9421,area_1021,2
1022,area_767,2
5721,area_495,0
11694,area_1031,1
4279,area_1018,0
18506,area_845,0
3444,area_292,0
4247,area_484,0
10791,area_472,0
2425,area_1008,1
2514,area_829,0
2876,area_589,1
6041,area_600,0
5891,area_839,0
12973,area_270,0
6463,area_149,1
5491,area_365,0
7095,area_353,0
4916,area_704,2
14216,area_91,0
306,area_895,1
12708,area_1094,1
3723,area_994,0
2145,area_466,0
8045,area_465,0
11396,area_218,1
6547,area_834,2
14447,area_1109,0
11338,area_6,1
11497,area_1075,1
2148,area_613,1
5472,area_821,0
8476,area_632,0
1072,area_1086,2
8970,area_89,1
17102,area_779,2
17059,area_845,2
15593,area_899,1
10975,area_512,0
15342,area_459,0
9045,area_810,2
15217,area_468,0
13018,area_613,2
11976,area_1013,0
7556,area_470,0
17369,area_632,2
9632,area_1112,2
10915,area_255,0
8555,area_9,0
5630,area_380,0
12066,area_501,0
8709,area_793,0
11319,area_643,0
15067,area_995,0
5785,area_102,0
7246,area_497,0
16061,area_302,0
16229,area_738,1
14232,area_821,0
8454,area_644,0
12534,area_378,0
5314,area_169,0
12189,area_157,1
2865,area_1009,0
15952,area_1,1
11104,area_418,1
13832,area_1008,1
17504,area_311,0
11823,area_244,0
2308,area_885,2
11885,area_755,0
14680,area_1075,0
18367,area_648,0
12707,area_9,0
18319,area_505,0
11403,area_976,0
10713,area_742,0
12999,area_810,1
12977,area_91,0
9498,area_280,1
11414,area_380,0
3027,area_95,0
11659,area_1075,1
9437,area_350,1
18001,area_1099,0
13149,area_1126,0
17414,area_1008,0
7779,area_763,2
9583,area_126,0
13570,area_466,0
8602,area_497,0
12476,area_248,0
9350,area_1111,1
18135,area_1052,0
8512,area_1058,1
2596,area_244,0
3278,area_73,1
7629,area_494,0
8678,area_619,1
11127,area_921,1
9898,area_102,0
7319,area_1031,1
350,area_1024,0
5029,area_1011,0
5488,area_816,1
17665,area_13,0
11686,area_945,1
11084,area_262,0
14654,area_684,1
11719,area_476,0
8154,area_600,2
17017,area_1019,2
17390,area_173,1
3133,area_646,0
2926,area_1100,2
7342,area_324,0
8777,area_133,0
4934,area_931,0
14607,area_520,0
6932,area_1014,0
14626,area_856,1
13647,area_599,1
10343,area_91,0
4819,area_1107,2
14830,area_619,1
17202,area_1054,0
9738,area_87,1
10503,area_157,0
15161,area_1095,0
13670,area_998,0
7600,area_603,0
13553,area_9,0
18105,area_159,0
8862,area_527,0
15737,area_388,0
4252,area_477,0
15605,area_356,0
18064,area_584,0
15911,area_684,0
6223,area_837,0
10539,area_809,0
5632,area_921,0
4353,area_150,0
7560,area_495,0
18385,area_294,0
10080,area_808,0
2954,area_802,0
1247,area_1,0
13844,area_697,0
2576,area_1038,1
7590,area_49,0
6787,area_171,0
10228,area_124,0
2054,area_147,0
4333,area_899,0
9908,area_1117,0
9836,area_957,0
4607,area_441,0
338,area_847,1
6012,area_831,1
5326,area_642,2
15188,area_767,0
14108,area_1050,0
2845,area_962,2
9758,area_798,2
18147,area_809,0
3343,area_126,0
15118,area_603,1
5394,area_35,0
15085,area_1008,2
4960,area_821,0
15204,area_1100,2
13289,area_91,0
14198,area_962,2
11353,area_556,1
4200,area_684,1
6120,area_288,0
15717,area_270,0
16910,area_124,0
14908,area_600,0
31,area_457,0
6843,area_497,0
12407,area_899,1
10923,area_406,1
7035,area_821,2
651,area_445,0
9078,area_1042,2
11329,area_680,0
14968,area_149,0
104,area_821,2
11580,area_948,0
8521,area_472,0
14539,area_854,0
13932,area_734,0
8038,area_76,1
8415,area_546,1
14328,area_704,2
16101,area_9,0
17033,area_1025,1
2229,area_166,0
18075,area_856,1
6195,area_600,2
11105,area_600,0
4013,area_36,0
13860,area_1067,1
13573,area_925,0
12175,area_495,0
296,area_1086,2
10648,area_380,0
15013,area_821,0
14337,area_1109,0
5378,area_292,0
9804,area_684,2
2756,area_1053,1
1692,area_817,0
4883,area_415,1
11011,area_478,0
3571,area_821,1
2777,area_507,0
371,area_332,0
16514,area_1009,0
10059,area_821,2
748,area_1017,0
18403,area_9,0
4278,area_653,1
18130,area_905,0
16679,area_830,1
12735,area_826,0
2486,area_653,0
5079,area_763,1
12504,area_802,1
9428,area_713,1
12966,area_342,1
6036,area_1105,0
17627,area_1018,0
3425,area_1086,1
11245,area_673,0
10430,area_468,0
12131,area_1084,2
2282,area_704,2
2097,area_745,2
9824,area_615,0
13959,area_604,0
3169,area_300,1
6292,area_834,2
5266,area_122,0
17639,area_734,2
7296,area_734,2
13015,area_951,0
2137,area_600,2
5214,area_745,2
18209,area_242,0
11237,area_1052,1
16911,area_882,0
17084,area_302,0
8696,area_760,0
1244,area_276,1
2281,area_1097,1
2088,area_844,2
14705,area_812,0
5658,area_834,2
8044,area_91,0
1908,area_653,0
12635,area_925,0
10960,area_885,1
18291,area_600,0
3615,area_984,2
17928,area_252,1
5634,area_1075,1
9725,area_244,0
15260,area_416,0
3769,area_1115,0
5260,area_1111,0
5074,area_1007,0
5061,area_251,0
18048,area_239,1
10814,area_883,0
3554,area_924,2
3878,area_810,1
1398,area_941,0
3375,area_100,0
1103,area_896,0
8433,area_891,0
2696,area_798,1
13162,area_1115,0
12924,area_734,0
4281,area_478,0
15446,area_495,0
11295,area_643,1
14121,area_118,1
17692,area_744,1
13338,area_856,1
850,area_704,0
5860,area_395,1
16814,area_738,1
14939,area_845,1
12186,area_1093,0
225,area_839,0
17287,area_124,0
11369,area_838,0
7456,area_262,0
2786,area_957,0
6898,area_599,1
9603,area_1042,1
1858,area_1050,1
11355,area_892,0
18452,area_457,0
15791,area_1099,0
12193,area_159,0
7630,area_114,1
13892,area_505,0
12348,area_471,0
17654,area_477,0
14471,area_463,0
13914,area_619,0
10167,area_373,0
1709,area_1081,0
13794,area_678,1
12034,area_707,0
14804,area_120,0
8108,area_114,0
10686,area_1095,1
13410,area_345,0
16356,area_120,1
10703,area_955,0
4371,area_298,1
6044,area_613,0
8786,area_983,0
1241,area_846,2
9756,area_498,0
6019,area_21,1
12862,area_1052,1
11939,area_821,1
9797,area_891,0
5113,area_899,0
1048,area_996,1
1242,area_497,0
12170,area_894,1
5648,area_292,0
10261,area_979,0
17976,area_157,0
7284,area_763,2
8668,area_767,0
11816,area_829,0
721,area_798,0
3669,area_272,0
10126,area_242,0
2731,area_845,0
10069,area_885,1
15544,area_684,2
3192,area_931,0
3994,area_976,2
8366,area_1008,1
6969,area_507,0
4946,area_215,1
9524,area_646,0
2387,area_118,0
15693,area_1019,0
7527,area_714,0
7119,area_72,1
5665,area_707,0
4117,area_826,1
9735,area_707,0
17200,area_471,0
9922,area_1042,0
11868,area_46,0
4140,area_600,0
17171,area_242,0
16703,area_902,0
14964,area_704,2
6116,area_353,1
498,area_734,2
12137,area_763,1
2983,area_676,1
17109,area_565,0
9250,area_1046,1
13611,area_763,2
18258,area_810,2
17595,area_1,2
6237,area_477,0
14938,area_948,0
2907,area_2,1
2361,area_821,2
12560,area_155,0
9866,area_496,0
2770,area_1100,2
4006,area_931,1
1729,area_462,0
7916,area_1106,1
8220,area_845,1
9002,area_925,0
10796,area_705,2
10756,area_653,0
200,area_1008,2
6514,area_786,1
17883,area_744,2
12266,area_734,1
1211,area_83,1
5951,area_846,1
14428,area_499,0
16429,area_1107,2
11790,area_1019,0
16958,area_369,1
12655,area_471,0
462,area_1008,1
7419,area_494,0
10263,area_236,1
13490,area_1008,0
16143,area_834,0
9733,area_1075,2
12510,area_126,0
4879,area_1100,2
7502,area_1107,1
7828,area_684,1
14532,area_805,0
13274,area_957,0
2580,area_1026,0
266,area_879,0
555,area_834,0
11730,area_976,1
4097,area_51,0
6318,area_818,1
18085,area_476,0
6071,area_292,1
8458,area_12,1
15469,area_977,1
8227,area_734,1
3179,area_469,0
11827,area_126,0
12889,area_755,0
8072,area_798,1
6092,area_1076,1
14034,area_707,0
1162,area_122,0
15882,area_795,0
12844,area_1097,0
4425,area_126,0
5974,area_189,0
16946,area_497,0
4096,area_544,0
11047,area_298,0
16925,area_840,2
6644,area_1030,1
731,area_118,0
1144,area_734,2
1697,area_1122,0
8584,area_157,0
11082,area_798,2
8445,area_971,0
12744,area_57,2
14239,area_810,0
4675,area_653,2
15368,area_1106,0
12529,area_534,0
532,area_1090,0
10163,area_846,0
12306,area_282,0
1528,area_646,2
11571,area_463,0
11563,area_471,0
18271,area_763,0
18063,area_496,0
623,area_1100,0
6115,area_242,0
3334,area_493,0
4221,area_126,0
8593,area_242,0
2831,area_380,0
14425,area_1038,1
15370,area_1117,0
9685,area_600,2
7855,area_834,2
4702,area_181,0
15679,area_1059,0
4370,area_252,1
2560,area_478,0
8025,area_126,0
4357,area_891,0
2208,area_1086,2
3106,area_1098,1
12681,area_551,2
13324,area_158,0
7906,area_122,0
5014,area_353,0
5405,area_469,0
3261,area_16,1
3631,area_526,0
18448,area_9,0
1214,area_270,1
5701,area_1075,2
14618,area_896,0
15420,area_810,2
4758,area_1037,1
11642,area_504,0
11731,area_342,0
6758,area_500,0
1578,area_369,0
5945,area_466,0
3221,area_5,0
10481,area_638,2
6243,area_846,0
14578,area_1046,1
13955,area_1008,0
5219,area_157,0
5927,area_124,0
17880,area_521,0
11093,area_1100,2
5439,area_1019,1
5169,area_1099,0
5824,area_885,0
16705,area_154,0
16590,area_1112,0
7793,area_324,1
3670,area_1084,1
18503,area_123,0
4232,area_1107,2
12352,area_1078,0
7966,area_177,1
5907,area_638,0
6641,area_373,0
14884,area_13,1
18415,area_159,1
5098,area_902,0
16126,area_600,0
17010,area_474,0
9188,area_644,0
17143,area_1052,1
1699,area_498,0
1406,area_735,0
2920,area_763,1
10826,area_735,0
6717,area_33,1
17956,area_300,0
10425,area_51,0
7414,area_640,1
9407,area_653,1
5689,area_91,0
16630,area_147,0
1136,area_520,0
9222,area_202,0
18353,area_1081,0
1064,area_976,2
896,area_732,0
15141,area_919,1
8419,area_1065,0
2817,area_600,0
17472,area_733,1
11061,area_1024,0
119,area_1052,1
16788,area_141,0
18336,area_962,2
10422,area_584,0
14267,area_864,1
18462,area_15,0
1790,area_148,0
17672,area_798,0
17615,area_792,0
1684,area_1091,0
15324,area_823,0
12502,area_995,2
12221,area_159,0
1205,area_242,0
6556,area_471,0
355,area_846,0
13581,area_181,1
11940,area_311,1
16999,area_878,0
12127,area_38,0
16791,area_744,1
5836,area_555,2
6918,area_382,1
2375,area_1069,1
5115,area_91,0
16023,area_118,0
8670,area_696,1
11333,area_328,0
6806,area_684,0
10982,area_108,1
2205,area_1076,0
12780,area_745,0
7842,area_825,1
15971,area_126,0
6588,area_124,0
11961,area_734,0
18122,area_384,0
4142,area_957,0
755,area_122,0
11374,area_893,0
12524,area_721,0
1782,area_1086,2
3688,area_181,0
9929,area_504,0
17637,area_547,1
3131,area_505,0
3493,area_821,2
3934,area_375,0
8233,area_157,0
2866,area_931,2
18228,area_684,2
284,area_797,0
16966,area_230,0
16287,area_653,2
13640,area_893,1
4075,area_149,0
15252,area_810,0
3064,area_102,0
14109,area_808,0
18175,area_17,0
903,area_846,1
8295,area_314,0
15010,area_600,0
16476,area_881,0
13444,area_649,0
15730,area_1078,0
3199,area_1117,0
5671,area_831,0
2992,area_102,1
4962,area_122,0
2450,area_894,0
12961,area_1061,2
17095,area_653,0
6638,area_1019,0
17493,area_909,0
17211,area_231,0
15923,area_507,0
16303,area_7,2
3996,area_405,0
8142,area_809,0
9440,area_976,1
12112,area_1019,0
16080,area_326,0
15046,area_546,0
15634,area_471,0
1262,area_902,1
15606,area_644,1
13252,area_830,2
7409,area_1010,1
3998,area_159,0
13399,area_814,0
13663,area_655,2
4239,area_972,2
12719,area_169,0
17415,area_717,0
1295,area_607,0
4810,area_445,0
6899,area_754,0
11197,area_480,0
4391,area_506,0
2567,area_906,2
8128,area_1076,1
13425,area_1100,2
3185,area_120,1
9021,area_240,0
2824,area_793,0
646,area_484,0
437,area_655,0
17166,area_578,0
14142,area_506,0
16554,area_990,1
2546,area_901,0
15798,area_584,0
16218,area_807,1
8922,area_515,0
14787,area_932,0
10822,area_884,2
3610,area_166,0
7834,area_938,0
3443,area_263,1
2272,area_496,0
10232,area_283,0
6994,area_1046,0
18325,area_962,2
14151,area_1052,1
8687,area_459,0
13999,area_846,0
10724,area_651,0
14007,area_124,0
8631,area_489,0
2692,area_444,0
17307,area_118,0
16201,area_809,0
4703,area_1,2
3869,area_1052,1
5058,area_738,1
6812,area_242,0
6059,area_335,1
452,area_821,1
13171,area_818,1
3371,area_882,0
16678,area_204,0
16275,area_613,2
10251,area_282,0
15287,area_1015,0
3263,area_418,1
12564,area_996,1
12191,area_714,1
5525,area_961,0
1644,area_584,1
18098,area_613,0
10979,area_995,1
11033,area_91,0
99,area_149,0
18511,area_648,1
15011,area_826,1
2355,area_877,1
968,area_255,0
2431,area_961,0
5985,area_300,0
11962,area_405,0
6070,area_744,0
12029,area_742,0
4137,area_839,0
10141,area_648,0
6801,area_1107,1
6591,area_1065,1
9453,area_149,0
16433,area_931,1
10738,area_359,0
8133,area_242,0
9196,area_984,2
12261,area_1089,2
11709,area_894,0
8654,area_684,1
1430,area_807,0
1789,area_103,0
1671,area_738,0
17535,area_734,2
8583,area_1117,0
12752,area_499,0
3507,area_808,0
15272,area_1051,0
11235,area_530,1
14995,area_147,1
827,area_167,0
8034,area_573,1
4542,area_242,0
3303,area_794,0
17283,area_995,1
13070,area_846,2
10662,area_91,0
11872,area_974,1
4642,area_793,0
7534,area_149,0
8292,area_198,1
7562,area_793,0
13901,area_830,0
7268,area_821,1
6192,area_30,1
1077,area_318,0
10511,area_1008,2
447,area_446,0
4614,area_899,0
7207,area_124,0
6766,area_726,2
11826,area_1010,0
822,area_91,0
9494,area_253,1
10390,area_1052,1
2138,area_509,0
4319,area_1099,0
11087,area_823,1
9172,area_874,0
1529,area_714,1
2402,area_760,1
12314,area_844,2
3216,area_793,0
6563,area_794,0
18484,area_535,1
11663,area_16,0
15493,area_611,0
13504,area_600,0
6004,area_124,0
8074,area_471,0
5910,area_156,0
2741,area_1016,2
16700,area_821,2
2798,area_810,0
6123,area_974,0
12762,area_775,0
15728,area_691,1
1005,area_1118,0
5254,area_1008,0
6390,area_763,0
2380,area_821,1
3626,area_798,2
13013,area_242,0
15541,area_962,1
7622,area_756,2
9740,area_239,0
18248,area_475,0
17498,area_810,1
16696,area_793,0
683,area_735,0
13460,area_945,1
17764,area_808,0
14316,area_480,0
13390,area_976,2
8021,area_619,2
5440,area_472,0
17741,area_614,0
9320,area_91,0
15137,area_149,0
4148,area_1021,1
15057,area_1008,0
17032,area_1089,1
11043,area_497,0
18257,area_367,1
11637,area_479,0
16569,area_1091,0
3318,area_270,0
12390,area_885,0
9008,area_1042,0
11688,area_468,0
2931,area_805,0
3646,area_175,1
9378,area_1042,2
15160,area_36,1
18520,area_875,0
12011,area_485,0
4397,area_516,0
4410,area_445,0
874,area_1100,2
1767,area_239,0
5505,area_307,0
7871,area_1052,1
2030,area_925,0
15800,area_1026,0
8369,area_672,1
15482,area_727,0
4781,area_221,0
9887,area_469,0
12896,area_613,2
17669,area_500,0
5495,area_478,0
5537,area_1109,1
7229,area_292,0
14088,area_836,0
1732,area_810,2
3396,area_895,1
7764,area_691,0
12252,area_242,0
6172,area_931,0
16556,area_206,1
8136,area_149,0
15691,area_477,0
8974,area_463,0
9621,area_375,0
1873,area_704,2
10820,area_646,1
4853,area_851,0
9644,area_1007,0
3495,area_979,1
4176,area_206,0
1132,area_814,0
3228,area_806,0
10040,area_226,1
5,area_460,0
7561,area_33,0
15645,area_706,1
10884,area_350,0
1380,area_1015,1
17443,area_1086,2
2305,area_79,1
2899,area_494,0
12697,area_708,0
5576,area_692,1
17960,area_894,2
8719,area_252,0
10861,area_141,0
13113,area_803,0
3268,area_834,1
17677,area_384,0
12446,area_618,1
13926,area_653,1
18115,area_641,2
17248,area_112,0
6657,area_122,0
4272,area_115,0
16577,area_821,2
17437,area_122,0
9894,area_906,2
16807,area_20,1
24,area_367,0
13866,area_145,0
7654,area_1049,1
3167,area_856,1
2164,area_691,1
10190,area_466,0
13741,area_702,1
6099,area_446,0
5784,area_1019,2
3290,area_931,0
8277,area_1008,0
15938,area_883,1
727,area_118,0
12684,area_120,1
6385,area_1111,1
16159,area_135,0
16837,area_1065,1
3398,area_737,1
9007,area_1107,1
12532,area_915,2
13468,area_497,0
1434,area_512,0
4652,area_810,0
17626,area_181,0
7187,area_812,0
13078,area_1019,2
7829,area_664,0
13718,area_798,2
5926,area_465,0
7769,area_653,2
3460,area_242,0
14176,area_272,1
11586,area_1050,1
2715,area_68,1
17750,area_805,0
9245,area_1072,0
6892,area_821,0
9016,area_1008,0
18068,area_106,0
11844,area_503,0
9208,area_1075,1
13685,area_892,1
11635,area_255,0
15313,area_466,0
10434,area_892,0
8661,area_996,1
5835,area_938,1
15903,area_465,0
8409,area_497,0
4348,area_1107,0
2670,area_976,1
10964,area_118,0
12720,area_1075,1
5593,area_12,1
3640,area_1026,0
12623,area_297,0
12200,area_892,2
14805,area_124,0
4464,area_999,0
1324,area_609,0
8425,area_1051,0
9573,area_1086,0
8960,area_122,0
1907,area_957,0
5946,area_561,1
5413,area_845,2
16069,area_161,0
2945,area_812,0
11342,area_408,1
14858,area_756,1
18010,area_601,1
11225,area_72,1
13672,area_1095,1
12434,area_579,0
11005,area_1008,0
8400,area_474,0
7606,area_1090,1
7392,area_253,0
4066,area_945,0
4634,area_157,0
7941,area_756,0
3566,area_518,0
16081,area_477,0
5732,area_1075,1
14156,area_491,0
17561,area_477,0
15844,area_1030,1
10932,area_679,1
959,area_1097,1
15580,area_798,2
13700,area_691,1
4085,area_798,1
15134,area_1061,0
1714,area_518,0
5315,area_810,0
18095,area_470,0
11919,area_783,0
4202,area_895,1
1659,area_197,0
1215,area_547,0
16530,area_1058,1
15705,area_242,0
14921,area_610,0
16097,area_1,0
14070,area_977,1
3867,area_798,2
17934,area_599,0
10645,area_710,0
1142,area_126,0
18158,area_834,1
1746,area_821,2
12718,area_507,0
4816,area_906,1
6388,area_1052,0
1974,area_1037,0
5935,area_504,0
17774,area_894,0
9426,area_798,0
5171,area_521,0
6074,area_1075,2
9012,area_975,0
15055,area_975,0
3299,area_381,0
10666,area_1018,0
15607,area_326,0
4084,area_1024,0
6772,area_33,0
13037,area_290,0
17614,area_738,2
12590,area_1019,2
1355,area_494,0
11854,area_495,0
6218,area_1030,1
16498,area_1100,2
1235,area_1,1
8341,area_332,0
9143,area_345,0
14595,area_1,1
12828,area_1009,0
10505,area_378,0
1523,area_742,0
7263,area_286,0
11180,area_181,0
12741,area_13,1
9373,area_33,2
4673,area_794,0
7208,area_845,0
3860,area_1116,0
11001,area_1099,0
12826,area_943,0
28,area_889,0
18104,area_118,0
5702,area_938,1
6408,area_495,0
16902,area_763,0
11654,area_607,1
10798,area_816,1
9195,area_899,1
17378,area_532,0
7051,area_484,0
17936,area_744,1
12958,area_1042,0
12195,area_252,0
9187,area_505,0
870,area_167,0
18533,area_734,0
1085,area_497,0
7542,area_808,0
1865,area_763,1
12359,area_108,0
2956,area_657,0
14820,area_812,1
1614,area_226,1
1617,area_481,0
6181,area_373,0
7350,area_821,0
12376,area_734,1
8013,area_479,0
159,area_600,2
12087,area_1100,2
6697,area_700,0
247,area_845,2
8838,area_1051,1
11775,area_845,2
499,area_892,2
2372,area_831,1
11607,area_582,0
13193,area_266,0
18298,area_976,0
7143,area_990,0
417,area_856,1
15875,area_424,1
1835,area_802,1
1193,area_1067,1
9314,area_976,1
16430,area_1054,0
16659,area_415,0
11636,area_989,0
3674,area_1050,2
14526,area_350,0
18146,area_812,0
840,area_88,1
3978,area_836,0
13659,area_466,0
5795,area_244,0
15345,area_478,0
2940,area_666,0
11802,area_480,0
6782,area_296,1
13267,area_704,0
10179,area_91,0
3594,area_1026,1
16178,area_584,0
9637,area_990,0
918,area_271,0
5803,area_763,2
2531,area_1088,0
2993,area_195,1
18380,area_484,0
16007,area_896,0
7245,area_803,0
5510,area_1025,1
17695,area_799,1
16960,area_490,0
2660,area_824,1
7649,area_253,0
115,area_264,1
16754,area_845,0
10120,area_1082,1
6222,area_724,1
6925,area_497,0
2338,area_466,0
6122,area_144,0
11100,area_1008,1
6715,area_1011,1
17365,area_895,2
5759,area_793,0
5729,area_270,0
16107,area_808,0
2342,area_9,0
3175,area_400,0
18233,area_278,1
714,area_9,0
3253,area_878,0
1773,area_957,1
7155,area_989,1
8253,area_157,0
17386,area_764,0
4276,area_1094,0
5497,area_821,2
16789,area_932,0
11286,area_1008,0
1809,area_291,0
11753,area_661,1
3172,area_122,0
8917,area_808,0
10976,area_479,0
6700,area_480,0
12184,area_474,0
11595,area_984,2
9794,area_760,1
11847,area_772,0
6682,area_600,1
15487,area_704,2
11147,area_814,0
7194,area_794,0
10739,area_1061,1
766,area_181,0
2435,area_738,1
18364,area_936,1
15365,area_224,0
17601,area_1097,1
15359,area_1034,2
4690,area_768,0
16745,area_778,0
3289,area_831,1
17531,area_181,0
1090,area_246,1
15754,area_225,0
9565,area_471,0
15293,area_133,1
2008,area_1007,0
8663,area_957,0
5920,area_400,0
9399,area_779,0
5213,area_465,0
16977,area_501,0
8856,area_609,1
12612,area_108,1
12533,area_373,0
14488,area_704,1
14761,area_149,0
630,area_344,0
7441,area_292,0
16424,area_1097,0
11096,area_17,0
8942,area_169,0
15512,area_12,0
8119,area_613,2
10456,area_1050,0
11018,area_475,0
5345,area_734,2
11842,area_760,0
15625,area_375,1
2259,area_244,0
4152,area_1107,0
17476,area_882,0
12272,area_298,1
3243,area_696,1
9951,area_805,0
1126,area_1019,0
18426,area_155,0
15975,area_311,1
3931,area_875,0
4118,area_1075,2
10115,area_601,1
5752,area_7,0
12705,area_249,1
15756,area_1080,1
13101,area_400,0
12319,area_509,0
6858,area_798,1
17850,area_802,0
7145,area_466,0
10181,area_172,1
3716,area_834,0
17288,area_116,0
14829,area_122,0
18323,area_1042,2
5894,area_878,0
10396,area_506,0
10477,area_1022,1
15265,area_1097,1
4721,area_742,0
9217,area_814,0
14466,area_684,1
7020,area_644,2
2840,area_193,0
920,area_288,0
11124,area_885,0
17305,area_641,0
1632,area_441,1
7485,area_380,0
18050,area_1008,1
16764,area_618,0
11028,area_546,1
16392,area_239,0
17252,area_118,0
5591,area_706,1
1003,area_244,0
1626,area_520,0
5099,area_95,0
4159,area_498,0
15346,area_891,0
6487,area_942,1
9099,area_798,0
605,area_1052,0
5989,area_1075,2
16890,area_128,0
9070,area_584,0
3569,area_983,1
3988,area_1038,1
15899,area_684,0
18099,area_757,0
9848,area_1019,0
472,area_122,0
11724,area_707,0
7797,area_1062,1
16071,area_7,0
9163,area_710,0
5396,area_126,0
12970,area_618,1
18030,area_652,0
1207,area_809,0
8468,area_981,1
8488,area_826,2
14414,area_1086,2
424,area_476,0
15486,area_821,0
4051,area_653,0
4848,area_1,0
14895,area_794,1
11119,area_1008,1
8298,area_925,1
12367,area_926,2
14603,area_1075,2
8274,area_181,0
11453,area_989,1
9160,area_1089,1
13801,area_102,0
2725,area_460,1
11706,area_984,0
12080,area_135,0
16515,area_846,0
6065,area_890,0
8385,area_894,1
18134,area_248,0
3059,area_200,0
1867,area_242,0
17482,area_1107,2
11873,area_845,0
14511,area_638,2
11270,area_416,0
265,area_831,0
13804,area_63,0
12047,area_324,1
17642,area_367,1
11284,area_707,0
14540,area_1026,1
15638,area_461,0
15631,area_584,0
10954,area_942,0
9778,area_1017,1
18391,area_810,0
12698,area_704,1
15181,area_73,2
11547,area_734,2
9469,area_793,0
3536,area_1063,0
16677,area_878,0
29,area_505,0
3237,area_208,0
16393,area_91,0
11712,area_104,1
16374,area_460,0
5666,area_228,0
13940,area_653,2
6083,area_893,0
8107,area_488,0
789,area_810,2
2166,area_707,0
5426,area_16,1
10655,area_568,1
13996,area_236,1
15264,area_881,1
885,area_497,0
13626,area_155,0
13401,area_1049,0
2066,area_495,0
9155,area_808,0
1499,area_398,0
12143,area_102,0
6646,area_1058,0
55,area_471,0
6884,area_477,0
7122,area_149,0
120,area_462,0
9204,area_481,0
1842,area_744,1
7180,area_1084,1
15697,area_823,0
10068,area_808,0
9122,area_373,0
14655,area_803,1
5908,area_1095,1
9385,area_252,1
16025,area_955,0
17735,area_846,1
8348,area_756,0
7320,area_322,0
2624,area_855,0
8381,area_972,0
2444,area_508,0
13097,area_445,0
14998,area_995,2
15704,area_962,0
12074,area_734,0
18355,area_169,0
1636,area_491,0
11864,area_124,0
7218,area_369,1
4972,area_120,0
8541,area_242,0
9388,area_298,0
12690,area_1023,1
1108,area_345,0
10050,area_989,1
11778,area_1107,2
9404,area_627,1
1674,area_1050,1
10145,area_91,0
3706,area_810,2
14721,area_155,0
191,area_95,1
8495,area_1086,0
3704,area_270,1
5762,area_292,0
1743,area_794,1
14423,area_704,2
900,area_819,1
9736,area_950,0
11200,area_229,1
7758,area_704,1
6887,area_925,2
12433,area_353,1
12107,area_690,0
9488,area_823,0
5285,area_1086,2
3081,area_724,1
5179,area_846,1
14169,area_735,0
6187,area_734,1
733,area_1106,0
1565,area_39,1
2192,area_240,0
16979,area_846,0
9647,area_1030,0
16299,area_704,2
16484,area_283,0
10221,area_826,0
10759,area_994,0
10801,area_398,0
4248,area_53,1
17993,area_794,0
17013,area_466,0
13638,area_665,0
11700,area_648,0
12218,area_266,0
13359,area_845,1
6113,area_805,0
2525,area_469,0
15348,area_471,0
3345,area_249,0
17767,area_618,0
4904,area_560,2
14079,area_130,1
12506,area_619,0
13675,area_314,0
3160,area_318,1
1653,area_899,0
7576,area_627,0
4422,area_814,0
1547,area_91,0
1577,area_272,1
3287,area_613,1
14240,area_983,1
5075,area_782,0
5618,area_488,0
11598,area_344,0
15339,area_1107,2
17063,area_382,0
14568,area_684,2
1143,area_878,0
11116,area_1056,1
9587,area_967,1
6098,area_504,0
13671,area_529,0
17995,area_705,0
9137,area_704,0
11097,area_474,0
7698,area_794,0
12290,area_116,0
10045,area_875,1
213,area_497,0
5956,area_400,1
11856,area_496,0
17464,area_124,0
13202,area_475,0
13240,area_495,0
12017,area_995,0
9845,area_613,2
8498,area_122,0
15806,area_223,1
1952,area_546,0
769,area_893,0
11157,area_735,0
15576,area_118,0
10065,area_803,1
16583,area_348,0
4578,area_948,0
8214,area_221,1
14783,area_653,1
16738,area_579,0
4933,area_704,0
11228,area_255,0
9179,area_794,0
2488,area_133,0
8328,area_953,0
105,area_376,1
8078,area_127,0
3785,area_963,0
16256,area_12,1
15102,area_1008,2
1470,area_657,1
3291,area_734,2
13458,area_976,1
1620,area_976,1
9783,area_443,1
455,area_124,0
12575,area_471,0
11899,area_1034,0
2686,area_274,0
9271,area_1066,1
3370,area_1052,2
1570,area_990,1
17266,area_298,0
2499,area_1030,1
7001,area_600,2
558,area_1092,1
2007,area_355,1
5212,area_467,0
7874,area_126,0
14743,area_1007,0
2292,area_773,0
5449,area_106,0
16831,area_266,0
4589,area_126,0
9100,area_629,0
2557,area_998,0
10990,area_834,2
12197,area_166,1
17407,area_100,0
11549,area_719,0
3595,area_528,0
9347,area_684,1
2348,area_615,0
12097,area_812,0
18119,area_9,0
8163,area_821,2
4146,area_1026,0
10737,area_244,0
10230,area_477,0
16332,area_124,0
9734,area_272,1
1914,area_135,0
15567,area_924,0
12692,area_816,0
2836,area_673,0
16774,area_363,1
10331,area_899,2
656,area_481,0
10330,area_1097,1
9231,area_980,1
3527,area_288,1
17977,area_404,1
18363,area_609,1
18046,area_475,0
7084,area_845,1
14049,area_500,0
3535,area_763,2
9962,area_1042,0
17314,area_1086,2
7847,area_931,0
8514,area_1075,2
8748,area_280,0
6744,area_1042,1
18428,area_126,0
14299,area_124,0
18191,area_834,2
429,area_793,0
8374,area_435,1
10070,area_126,0
7385,area_1017,2
1086,area_1093,0
7235,area_734,0
12787,area_283,1
11229,area_358,0
3979,area_95,0
9932,area_425,0
11726,area_963,0
5556,area_821,1
810,area_1025,0
9044,area_496,0
10212,area_853,0
13847,area_378,0
11755,area_814,0
4437,area_122,0
10353,area_481,0
16039,area_400,0
16114,area_325,1
12178,area_684,1
16079,area_972,1
16230,area_9,0
1656,area_465,0
17666,area_494,0
6317,area_600,1
12824,area_646,1
11581,area_1018,0
7401,area_924,0
7316,area_886,0
12445,area_2,1
8864,area_845,0
12038,area_349,0
1046,area_710,0
8427,area_126,0
341,area_122,0
12016,area_480,0
15092,area_814,0
9114,area_829,0
17925,area_603,0
16261,area_175,0
7677,area_418,0
14226,area_466,0
14409,area_793,0
10207,area_756,1
17701,area_803,1
10445,area_1007,0
7085,area_760,0
8830,area_471,0
12832,area_476,0
17240,area_1100,2
17865,area_846,0
11330,area_1036,0
15256,area_1052,0
15532,area_220,1
3043,area_1025,0
15551,area_812,0
13414,area_763,0
18295,area_984,0
6790,area_535,1
3681,area_157,0
6973,area_939,0
12539,area_695,0
2464,area_7,0
4769,area_646,1
12839,area_705,1
12957,area_95,0
5811,area_481,0
2607,area_638,0
3894,area_1052,0
15660,area_948,1
12475,area_155,0
9289,area_742,0
2184,area_1014,0
9741,area_263,1
14321,area_500,0
9065,area_9,0
9451,area_469,0
17160,area_124,0
17966,area_795,0
4590,area_474,0
3183,area_856,2
13382,area_1020,2
8592,area_479,0
4065,area_238,0
12714,area_964,1
392,area_810,0
5280,area_1,1
207,area_506,0
7614,area_380,0
17360,area_1108,0
10444,area_230,0
7951,area_1031,1
8470,area_167,0
7140,area_989,1
14501,area_511,0
9386,area_2,0
6946,area_745,0
5742,area_704,0
10609,area_714,0
10153,area_270,0
2952,area_522,0
8333,area_798,2
12625,area_826,0
16497,area_909,2
5562,area_995,2
5056,area_122,0
17814,area_878,0
7139,area_493,0
16593,area_1024,0
9795,area_479,0
4835,area_508,0
4024,area_602,0
3652,area_536,1
10998,area_9,0
7521,area_369,0
10448,area_704,2
3880,area_972,0
8096,area_8,0
14976,area_963,0
720,area_154,1
2599,area_1066,0
9005,area_471,0
17739,area_328,1
15959,area_990,1
3349,area_125,0
10489,area_1100,2
5218,area_496,0
615,area_445,1
4119,area_898,0
3381,area_370,0
17301,area_895,1
2028,area_645,0
15652,area_894,0
4496,area_693,1
859,area_402,1
4052,area_885,2
13905,area_126,0
3804,area_193,0
5641,area_684,2
10598,area_651,0
3098,area_793,0
18346,area_445,0
1079,area_135,1
8502,area_245,0
12431,area_471,0
15650,area_133,0
1557,area_181,0
12660,area_947,1
13600,area_1106,0
12750,area_1107,2
15825,area_931,0
6683,area_120,0
12145,area_645,2
8682,area_1054,0
5669,area_390,1
10071,area_143,0
13288,area_193,0
14399,area_919,0
15215,area_442,1
2392,area_734,0
1495,area_734,0
6824,area_740,0
13308,area_846,1
8407,area_153,0
5726,area_1046,2
8179,area_839,0
18179,area_627,0
16354,area_658,0
13294,area_588,0
3112,area_1006,0
3857,area_834,2
2735,area_760,0
7151,area_834,0
5116,area_499,0
4842,area_499,0
17690,area_798,1
2808,area_155,0
1537,area_266,0
16206,area_738,1
14493,area_925,0
9198,area_653,2
18207,area_8,1
10138,area_485,0
12230,area_166,0
7454,area_210,0
5114,area_1061,0
14230,area_995,1
4818,area_348,1
18508,area_709,0
17943,area_475,0
15765,area_466,0
2452,area_116,1
11937,area_139,0
3970,area_122,0
13196,area_151,1
14431,area_894,1
680,area_373,0
3155,area_181,0
5424,area_305,1
8985,area_841,1
967,area_892,2
8413,area_493,0
1349,area_1007,0
9689,area_126,0
17490,area_584,0
15753,area_921,0
5147,area_962,1
11419,area_734,0
9098,area_709,0
946,area_114,0
4576,area_477,0
14536,area_984,1
1813,area_607,0
17699,area_814,0
18463,area_229,1
18466,area_603,0
7974,area_373,0
8408,area_790,0
2364,area_118,0
5827,area_7,0
18490,area_1008,0
11300,area_485,0
12013,area_484,0
11258,area_380,0
16092,area_734,0
6837,area_102,0
2269,area_814,0
4160,area_97,0
5217,area_475,0
15751,area_964,0
16190,area_126,0
16637,area_473,0
6137,area_811,0
6234,area_734,0
4004,area_292,1
6798,area_638,2
12304,area_995,2
16352,area_798,2
15877,area_26,1
5456,area_995,1
10476,area_810,0
20,area_79,0
13547,area_921,2
6166,area_1046,1
1110,area_1042,2
12579,area_472,0
16922,area_122,0
15068,area_478,0
7123,area_1052,2
15781,area_627,0
9630,area_884,0
14946,area_839,1
9923,area_74,0
8783,area_898,0
16491,area_821,2
8387,area_328,0
1625,area_788,0
7286,area_837,1
12337,area_977,1
11534,area_921,1
15237,area_33,1
7651,area_120,0
12494,area_469,0
9297,area_283,0
4361,area_13,1
9327,area_498,0
6491,area_734,2
6811,area_124,0
7391,area_466,0
12464,area_466,0
11818,area_845,2
2943,area_760,0
16046,area_471,0
1534,area_399,0
6449,area_122,0
16296,area_805,0
5312,area_242,0
11710,area_491,0
13957,area_603,0
5438,area_475,0
10614,area_834,1
18444,area_373,0
12541,area_691,0
13433,area_495,0
7907,area_1082,0
5731,area_1019,0
3560,area_466,0
13417,area_613,0
16581,area_467,0
11463,area_494,0
14888,area_465,0
17461,area_745,1
17975,area_1094,1
6794,area_1050,1
15224,area_600,2
7383,area_1109,1
18309,area_613,1
5607,area_607,0
18168,area_120,1
10275,area_803,1
7373,area_921,1
13291,area_1046,0
10361,area_300,0
6742,area_899,0
17927,area_504,0
5478,area_810,0
6765,area_600,0
15565,area_116,0
1742,area_507,0
17110,area_856,1
16145,area_1061,2
9176,area_756,0
17922,area_890,0
975,area_836,0
1730,area_1110,0
3755,area_1037,0
7153,area_638,0
1576,area_95,0
2496,area_13,0
14794,area_119,0
6737,area_822,0
15060,area_803,1
6393,area_13,0
8447,area_16,0
5209,area_141,0
2041,area_759,0
17322,area_949,1
8382,area_189,0
10317,area_478,0
1223,area_314,1
13182,area_463,0
6724,area_707,0
503,area_962,1
18317,area_172,0
7169,area_643,1
6625,area_489,0
16916,area_1107,2
14040,area_135,0
7241,area_288,0
2397,area_104,0
17454,area_793,0
15316,area_613,0
10596,area_374,0
18297,area_1061,0
17078,area_12,0
12610,area_648,1
12122,area_794,0
4120,area_745,0
5063,area_826,1
10892,area_853,0
6303,area_477,0
3480,area_133,0
14992,area_600,2
44,area_451,0
3772,area_613,0
2564,area_406,1
14684,area_710,0
7045,area_524,0
10015,area_714,1
16485,area_244,0
7851,area_1008,2
9796,area_842,0
18331,area_957,0
16761,area_153,0
2221,area_1061,0
10516,area_1007,1
4811,area_497,0
13165,area_495,0
8662,area_1030,1
5708,area_380,0
6650,area_318,0
10956,area_102,0
8513,area_869,0
9475,area_314,0
9148,area_903,0
7575,area_963,0
6779,area_169,0
14724,area_684,1
8259,area_943,1
9506,area_240,0
4454,area_734,1
7669,area_709,0
13071,area_655,0
12037,area_151,1
12420,area_691,1
5269,area_124,0
12095,area_471,0
15998,area_899,0
18027,area_242,0
8802,area_646,1
17016,area_891,0
4491,area_793,0
10085,area_242,0
12997,area_1067,1
14085,area_392,1
8805,area_153,1
7071,area_180,0
12815,area_921,1
15624,area_613,1
13040,area_742,0
16370,area_950,1
12255,area_938,1
4952,area_505,0
4165,area_1050,1
12008,area_118,0
13373,area_760,1
11594,area_479,0
12879,area_1100,2
5321,area_95,0
7330,area_485,0
17555,area_16,1
6820,area_489,0
12495,area_1019,0
5279,area_548,0
11012,area_1107,2
16210,area_727,0
13371,area_763,2
4352,area_226,0
9877,area_819,0
1997,area_1100,2
9221,area_653,1
13578,area_1042,0
14947,area_242,0
12596,area_218,0
17608,area_403,1
4308,area_914,0
15862,area_2,1
9992,area_756,0
795,area_723,1
9182,area_380,0
10902,area_1008,0
1203,area_472,0
4441,area_627,0
4548,area_814,0
2147,area_976,2
9110,area_467,0
15839,area_522,0
18535,area_133,0
16048,area_1109,1
15390,area_242,0
4327,area_485,0
13546,area_395,1
1154,area_252,1
1446,area_236,0
14872,area_978,1
6208,area_1007,0
16197,area_891,0
15037,area_790,0
7712,area_126,0
12493,area_137,0
7033,area_684,0
2765,area_734,0
2253,area_478,0
772,area_763,1
9178,area_911,1
6470,area_892,0
5995,area_91,0
16694,area_810,1
2577,area_1052,0
9083,area_474,0
13164,area_899,0
10084,area_957,0
17593,area_470,0
15698,area_504,0
15558,area_618,0
6283,area_638,2
13495,area_881,1
15657,area_102,0
16009,area_661,0
6495,area_984,0
10774,area_89,1
1117,area_17,0
4149,area_834,0
13526,area_909,1
14166,area_1033,0
10340,area_976,0
17306,area_159,1
6331,area_619,0
15004,area_181,1
15604,area_944,0
13421,area_413,0
5866,area_1052,1
1759,area_769,0
9361,area_1066,1
7552,area_793,0
13971,area_126,0
2214,area_1008,1
8054,area_472,0
3028,area_488,0
7759,area_465,0
14866,area_126,0
7292,area_653,0
3333,area_1100,2
12471,area_171,0
453,area_619,0
16366,area_1107,0
1678,area_120,0
13500,area_520,0
16948,area_47,0
17157,area_470,0
12734,area_798,0
6890,area_844,1
18174,area_1053,0
16255,area_1075,1
2753,area_489,0
5673,area_798,0
5569,area_834,2
15360,area_687,0
13295,area_831,1
6395,area_100,0
3394,area_124,0
2319,area_272,0
10171,area_1050,1
9730,area_1100,1
839,area_825,1
10458,area_638,2
588,area_921,2
4328,area_823,1
6405,area_938,0
9543,area_499,0
17470,area_1008,1
13548,area_738,1
3455,area_662,1
4535,area_1008,0
1878,area_884,0
15329,area_957,0
413,area_944,1
2854,area_1011,1
3035,area_1088,1
5232,area_821,2
17506,area_875,1
922,area_790,1
9927,area_288,1
14350,area_239,0
7781,area_893,2
2937,area_613,0
357,area_894,0
5750,area_653,1
12289,area_122,0
12077,area_810,0
4401,area_802,1
1621,area_1020,1
3388,area_147,0
7796,area_416,1
13854,area_367,0
11692,area_628,0
16406,area_944,0
8569,area_127,0
12869,area_130,1
17551,area_815,1
7774,area_962,2
6729,area_894,0
5255,area_599,0
16798,area_450,0
18215,area_931,0
6752,area_919,0
14462,area_1010,0
10027,area_684,1
16095,area_618,2
13658,area_498,0
89,area_253,0
13354,area_1008,2
15562,area_133,0
18536,area_821,0
18008,area_1055,0
3647,area_155,0
10342,area_746,0
8000,area_816,1
740,area_91,1
13737,area_518,0
14845,area_106,0
1197,area_479,0
2947,area_505,0
15941,area_124,0
6088,area_690,0
10322,area_124,0
8475,area_238,1
6312,area_488,0
10057,area_500,0
18409,area_810,2
8323,area_1099,0
17170,area_508,0
4700,area_962,2
16262,area_504,0
18200,area_1048,1
3212,area_1097,1
6727,area_995,1
8215,area_892,0
16771,area_479,0
14803,area_208,0
8094,area_1050,0
9705,area_126,0
4743,area_119,0
17100,area_476,0
4640,area_1008,2
16555,area_126,0
11815,area_478,0
6785,area_126,1
6643,area_51,1
11582,area_424,1
14124,area_758,1
6288,area_999,1
183,area_1026,1
10156,area_95,1
13189,area_687,0
15097,area_837,1
10177,area_600,2
17370,area_866,2
15196,area_177,0
17569,area_793,0
15474,area_152,1
5090,area_382,0
11810,area_116,0
12893,area_1061,1
5070,area_684,0
13453,area_1009,0
13945,area_914,1
5138,area_790,1
5871,area_1086,1
6093,area_812,0
6957,area_1063,0
4906,area_998,1
5210,area_468,0
15140,area_957,0
13004,area_821,0
18118,area_760,0
13144,area_763,1
4204,area_957,0
13031,area_435,1
1993,area_963,0
15918,area_283,0
16464,area_520,0
12276,area_1008,1
3682,area_714,1
18414,area_1099,0
11716,area_311,0
8616,area_1026,0
2396,area_9,0
1080,area_664,0
11591,area_149,1
3496,area_481,1
9495,area_181,0
543,area_798,2
7040,area_891,0
8273,area_830,1
6966,area_918,1
7765,area_509,0
15185,area_470,0
1735,area_934,0
6085,area_834,1
3802,area_409,1
10127,area_1088,1
9626,area_1063,0
6492,area_695,0
5903,area_344,0
9754,area_644,1
17371,area_745,1
14999,area_157,0
8278,area_499,0
1065,area_600,0
15300,area_93,0
10690,area_126,0
6067,area_627,0
11650,area_763,2
16521,area_810,1
7830,area_135,0
11897,area_937,0
1874,area_314,1
8658,area_459,0
16355,area_145,1
7861,area_1048,0
6129,area_1044,0
4629,area_1018,0
14832,area_963,0
4646,area_126,0
15857,area_1086,0
5406,area_793,0
4623,area_1008,1
12774,area_278,1
998,area_878,0
13046,area_845,1
3752,area_149,0
12383,area_601,2
14212,area_1089,2
1415,area_1107,1
16311,area_896,1
9663,area_834,1
4754,area_883,0
9123,area_691,0
5370,area_1015,1
16579,area_535,0
11260,area_834,2
5628,area_369,0
17625,area_976,0
5854,area_124,0
2306,area_485,0
1383,area_17,1
17127,area_519,0
16345,area_613,1
6106,area_497,0
10805,area_509,0
14962,area_499,0
317,area_236,0
14163,area_479,0
15303,area_810,0
14383,area_523,0
16199,area_600,1
6993,area_500,0
16671,area_95,0
984,area_445,0
13102,area_460,0
18262,area_278,0
2541,area_1103,0
5849,area_311,1
15804,area_894,0
7786,area_382,0
9306,area_906,1
9127,area_1024,0
16800,area_472,0
1397,area_407,0
3266,area_707,0
6668,area_895,1
16868,area_380,0
15143,area_124,0
15406,area_157,0
1111,area_915,1
7912,area_1030,0
4280,area_460,1
7984,area_752,0
11846,area_976,1
33,area_473,0
17217,area_469,0
6984,area_663,0
10971,area_600,0
17246,area_465,0
1513,area_613,2
3431,area_102,1
16495,area_849,0
6024,area_181,0
1829,area_240,0
17094,area_334,0
16550,area_313,0
17460,area_1100,1
12764,area_653,0
4664,area_846,0
16504,area_496,0
17004,area_601,0
17297,area_415,1
2461,area_496,0
11386,area_356,0
8559,area_846,1
1941,area_808,0
2490,area_167,1
10789,area_135,0
15746,area_152,0
1222,area_734,2
5433,area_91,1
3341,area_1107,0
2285,area_738,0
4792,area_664,0
3927,area_834,2
12385,area_1100,2
7480,area_684,0
12712,area_418,0
14159,area_300,0
3718,area_798,2
2497,area_925,1
6337,area_1107,2
5709,area_736,0
4881,area_1086,1
3364,area_13,1
2613,area_126,0
9606,area_252,1
14701,area_653,1
14989,area_469,0
8377,area_161,1
1579,area_793,0
10958,area_1079,0
17273,area_789,1
14182,area_1104,0
18365,area_240,0
18394,area_595,1
15934,area_803,0
5809,area_124,0
15955,area_885,0
4381,area_644,2
14707,area_500,0
9946,area_1049,0
15710,area_684,2
2186,area_480,0
17965,area_881,0
7547,area_892,0
13112,area_976,0
4657,area_600,1
10698,area_607,0
4064,area_147,1
5100,area_1050,2
9966,area_906,0
10224,area_13,0
5545,area_1007,0
13979,area_533,0
6851,area_126,0
12311,area_921,1
2793,area_1037,0
637,area_122,0
5725,area_995,1
1657,area_496,0
16533,area_684,0
16297,area_846,2
313,area_902,0
8784,area_793,0
2304,area_292,0
13763,area_763,0
9956,area_477,0
17892,area_228,1
2626,area_1112,0
18141,area_734,0
12891,area_938,0
2125,area_603,1
15241,area_189,1
11392,area_270,0
17937,area_878,0
9525,area_298,1
15032,area_814,0
3304,area_1099,1
3003,area_943,1
17025,area_78,1
5749,area_714,1
4738,area_1033,1
8847,area_962,0
11299,area_584,0
10576,area_175,0
11137,area_603,2
7900,area_477,0
4309,area_1008,0
5037,area_976,1
5181,area_700,1
12244,area_1062,0
12450,area_763,0
11112,area_957,1
8114,area_999,0
6220,area_600,2
8023,area_731,0
1619,area_533,0
3380,area_475,0
6915,area_252,0
1148,area_419,1
4745,area_272,1
7298,area_836,0
10746,area_245,0
15274,area_962,1
10226,area_798,1
6583,area_504,0
16379,area_468,0
4711,area_931,0
1751,area_857,1
603,area_507,0
11651,area_102,1
12567,area_566,2
327,area_488,0
657,area_895,1
9180,area_798,1
6386,area_1096,0
14682,area_627,0
13328,area_465,0
17656,area_500,0
13278,area_834,0
11238,area_928,0
8166,area_599,2
2729,area_157,0
9501,area_1024,0
14171,area_17,0
12747,area_206,1
7840,area_133,0
5668,area_490,0
2440,area_1075,2
6235,area_638,0
9345,area_931,0
6287,area_1082,0
16015,area_823,1
1947,area_1100,2
11024,area_131,0
1423,area_891,0
18344,area_197,0
3446,area_100,0
5636,area_489,0
188,area_493,0
4177,area_821,2
7251,area_481,0
6258,area_735,0
10237,area_830,0
2724,area_1092,0
10324,area_65,2
2915,area_228,0
12321,area_242,0
15831,area_834,0
4211,area_19,1
3465,area_1008,0
1299,area_737,0
184,area_995,1
12522,area_1052,0
15433,area_8,0
1456,area_1048,0
13878,area_145,0
470,area_648,0
10154,area_350,1
12454,area_1107,1
6533,area_1056,1
3073,area_1121,1
9177,area_126,0
8918,area_32,0
12640,area_690,0
12605,area_149,0
1702,area_810,1
9838,area_471,0
13067,area_1011,2
3842,area_1027,0
161,area_321,0
13079,area_1023,0
8615,area_474,0
8867,area_328,0
9787,area_1014,1
10461,area_702,1
10857,area_1019,1
6321,area_1026,1
9093,area_766,0
15327,area_805,0
6228,area_494,0
10951,area_468,0
8245,area_443,1
13808,area_1052,2
5786,area_314,0
18012,area_584,0
5184,area_1018,1
4166,area_549,1
3234,area_1031,1
5053,area_116,0
17255,area_100,0
5253,area_1056,1
9722,area_1019,1
11483,area_1112,0
7034,area_957,0
929,area_476,0
10573,area_1117,0
12353,area_1042,0
130,area_7,0
6020,area_1052,1
16891,area_242,0
13331,area_896,0
4611,area_135,0
15249,area_805,0
8558,area_834,0
10642,area_600,2
2019,area_945,0
18195,area_809,0
3831,area_374,0
7514,area_149,1
18441,area_118,0
248,area_122,0
17041,area_1,1
14125,area_699,0
17854,area_794,0
17250,area_1097,0
8150,area_520,0
18173,area_822,0
11877,area_466,0
17361,area_507,0
15888,area_126,0
10587,area_256,0
2680,area_662,0
10537,area_664,0
7264,area_779,2
81,area_147,0
15367,area_962,1
10305,area_477,0
10421,area_91,0
12597,area_609,1
15771,area_846,0
12398,area_976,0
10755,area_722,1
8281,area_793,0
6069,area_373,0
1849,area_1,0
3401,area_893,1
16051,area_1061,2
6561,area_976,2
6614,area_469,0
10005,area_802,0
10996,area_778,2
18180,area_892,1
12297,area_1055,0
3403,area_599,2
10203,area_241,0
8743,area_91,1
9562,area_487,0
13069,area_448,0
360,area_834,2
302,area_91,1
11065,area_810,1
8046,area_899,1
6651,area_834,0
7216,area_853,2
14023,area_448,0
2139,area_505,0
7578,area_914,0
2852,area_760,0
9574,area_931,0
15786,area_44,0
11738,area_1107,1
9199,area_653,0
5507,area_1052,1
9251,area_335,1
14558,area_1107,1
10242,area_480,0
11436,area_1126,0
5603,area_846,0
10866,area_436,1
5794,area_126,1
6822,area_9,0
6592,area_89,0
3022,area_497,0
5954,area_1044,0
6971,area_977,0
11952,area_495,0
17919,area_264,1
9792,area_962,2
4600,area_613,2
11950,area_484,0
190,area_478,0
15463,area_771,0
14902,area_759,1
4511,area_646,1
14395,area_159,0
12409,area_149,0
13936,area_851,0
1764,area_345,0
13686,area_1107,0
14410,area_734,0
12686,area_814,0
1395,area_963,0
17410,area_1051,2
9800,area_802,0
16378,area_830,0
9340,area_627,1
1979,area_244,0
14456,area_808,0
836,area_128,0
16510,area_958,0
6618,area_126,0
2405,area_1063,0
5308,area_522,0
1792,area_255,0
381,area_617,1
17703,area_943,1
11352,area_1019,2
315,area_909,1
3720,area_244,0
15626,area_1017,1
13002,area_734,1
10911,area_211,0
12050,area_860,0
12598,area_159,0
9782,area_1024,0
8608,area_1052,2
6177,area_292,0
8620,area_810,2
13380,area_400,1
4782,area_91,0
928,area_836,0
13007,area_72,0
8423,area_500,0
11593,area_904,0
2471,area_989,1
17994,area_471,0
142,area_734,2
12357,area_476,0
8242,area_962,2
1595,area_890,0
12284,area_1031,1
16840,area_244,0
3849,area_141,1
15830,area_1086,2
17715,area_983,0
5845,area_155,0
1131,area_495,0
11718,area_976,2
7660,area_938,0
11633,area_139,1
10981,area_1026,0
17917,area_763,1
13480,area_1011,1
5696,area_657,0
10715,area_902,1
14485,area_479,0
11193,area_897,1
18170,area_734,2
9146,area_896,0
8294,area_1107,0
18373,area_706,1
14018,area_962,2
8994,area_459,0
4858,area_892,2
11743,area_798,1
16834,area_808,0
4757,area_508,0
14134,area_814,0
4442,area_491,0
16444,area_481,2
5372,area_962,0
13109,area_342,1
11302,area_909,0
10478,area_1119,2
11058,area_1066,0
12159,area_692,1
9363,area_1034,0
5329,area_421,1
16746,area_498,0
8956,area_893,0
10818,area_763,0
10656,area_282,1
14384,area_834,1
16283,area_704,0
2118,area_379,0
9139,area_467,0
1779,area_202,0
131,area_621,1
15986,area_1086,2
10897,area_895,2
4969,area_1117,0
15713,area_477,0
1887,area_326,1
9302,area_485,0
8152,area_756,1
1030,area_692,1
1776,area_798,1
2220,area_818,1
16249,area_126,0
4297,area_270,0
14048,area_978,1
10297,area_956,2
17773,area_845,2
8106,area_1008,2
6233,area_375,0
16563,area_885,0
866,area_785,1
13301,area_1046,0
10526,area_684,0
5046,area_584,1
4416,area_644,0
2381,area_962,1
3415,area_155,0
3004,area_768,0
10760,area_95,0
6769,area_775,0
14596,area_314,0
6126,area_508,0
16033,area_338,1
14201,area_690,0
12602,area_945,0
2581,area_198,0
138,area_684,0
6383,area_798,2
969,area_1079,0
3000,area_921,1
474,area_118,0
1401,area_989,1
12888,area_373,0
4253,area_1104,0
13533,area_891,0
18072,area_788,1
11530,area_522,0
3023,area_803,1
5663,area_661,1
747,area_113,0
5527,area_742,0
9712,area_269,0
1839,area_9,0
8713,area_497,0
5226,area_314,1
8640,area_133,0
11118,area_477,0
6788,area_926,2
12412,area_244,0
17077,area_627,1
2449,area_806,0
18538,area_1106,1
4372,area_857,1
1171,area_696,1
4268,area_97,0
17237,area_878,0
14465,area_365,0
10571,area_793,0
15838,area_445,0
6029,area_756,0
11737,area_615,0
2903,area_1086,2
3731,area_795,0
1321,area_533,0
12613,area_757,0
5872,area_159,0
15977,area_866,2
926,area_1064,0
17871,area_521,0
12496,area_707,0
5172,area_169,0
4178,area_962,0
14349,area_507,0
8031,area_995,1
6319,area_584,0
14082,area_962,2
12619,area_326,0
257,area_1099,0
3034,area_122,0
1910,area_403,1
10475,area_821,0
10675,area_798,2
14714,area_210,0
6253,area_1007,0
